Edges,RuntimeInSeconds,Graph
18196,54.967,2
18196,53.3861,2
18196,55.2631,2
18196,58.8114,2
18196,52.5862,2
18196,54.194,2
18196,56.5666,2
18196,52.9089,2
18196,55.7629,2
18196,58.9619,2
18396,31.9287,2
18396,33.4869,2
18396,29.8398,2
18396,33.155,2
18396,33.2946,2
18396,27.1119,2
18396,31.8881,2
18396,31.9488,2
18396,25.0708,2
18396,26.4081,2
18596,31.9749,2
18596,44.1958,2
18596,42.6632,2
18596,36.0971,2
18596,44.2079,2
18596,33.1522,2
18596,41.3804,2
18596,33.4978,2
18596,33.9039,2
18596,30.2341,2
18796,164.8494,2
18796,136.4537,2
18796,186.5425,2
18796,193.8621,2
18796,194.8024,2
18796,189.1036,2
18796,166.6256,2
18796,187.7567,2
18796,157.7231,2
18796,199.1467,2
18996,129.4101,2
18996,134.4791,2
18996,127.4412,2
18996,106.8384,2
18996,131.749,2
18996,106.5375,2
18996,127.7906,2
18996,127.8894,2
18996,125.9443,2
18996,108.7473,2
13196,14.0127,2
13196,14.8454,2
13196,14.5753,2
13196,14.5119,2
13196,14.8245,2
13196,14.4495,2
13196,14.5569,2
13196,15.0467,2
13196,14.5076,2
13196,14.3405,2
13396,115.6916,2
13396,137.752,2
13396,144.2576,2
13396,118.4124,2
13396,143.6954,2
13396,149.1911,2
13396,154.7433,2
13396,128.6486,2
13396,138.3386,2
13396,147.8918,2
13596,28.1206,2
13596,27.4047,2
13596,28.6211,2
13596,27.0123,2
13596,29.9618,2
13596,28.1865,2
13596,28.8258,2
13596,28.0515,2
13596,28.0697,2
13596,27.4811,2
13796,52.6909,2
13796,49.9354,2
13796,48.9676,2
13796,48.9504,2
13796,54.24,2
13796,45.59,2
13796,53.9632,2
13796,51.1201,2
13796,47.4408,2
13796,49.5892,2
13996,32.1673,2
13996,31.4635,2
13996,32.6625,2
13996,33.0425,2
13996,31.7825,2
13996,30.985,2
13996,35.3849,2
13996,31.3798,2
13996,31.0468,2
13996,32.1149,2
14196,128.1962,2
14196,117.6477,2
14196,124.9808,2
14196,101.3621,2
14196,98.9105,2
14196,115.5749,2
14196,108.8917,2
14196,73.8308,2
14196,116.3416,2
14196,125.3923,2
14396,30.6184,2
14396,30.9541,2
14396,31.3254,2
14396,31.335,2
14396,30.7403,2
14396,33.5811,2
14396,31.2617,2
14396,31.9427,2
14396,32.0651,2
14396,32.2215,2
14596,54.2957,2
14596,59.4054,2
14596,58.6349,2
14596,60.9207,2
14596,50.3557,2
14596,52.4372,2
14596,56.1775,2
14596,49.9396,2
14596,61.3181,2
14596,55.2926,2
14796,25.1805,2
14796,27.4091,2
14796,28.4104,2
14796,28.792,2
14796,28.0939,2
14796,28.5717,2
14796,24.6934,2
14796,27.0927,2
14796,25.4923,2
14796,27.9717,2
14996,167.597,2
14996,154.2701,2
14996,136.3708,2
14996,192.0487,2
14996,205.1674,2
14996,185.8194,2
14996,203.4465,2
14996,209.4022,2
14996,198.0789,2
14996,198.9687,2
12196,18.285,2
12196,17.1274,2
12196,18.1004,2
12196,18.5907,2
12196,17.2086,2
12196,17.7002,2
12196,17.7049,2
12196,17.4017,2
12196,17.9676,2
12196,17.4776,2
12396,110.2876,2
12396,119.1888,2
12396,127.6911,2
12396,106.2181,2
12396,127.1524,2
12396,125.2808,2
12396,127.2473,2
12396,103.6714,2
12396,116.7026,2
12396,108.7215,2
12596,78.7701,2
12596,83.8857,2
12596,84.8549,2
12596,87.1973,2
12596,85.8124,2
12596,78.4132,2
12596,87.2424,2
12596,82.9174,2
12596,84.0526,2
12596,87.2488,2
12796,90.8701,2
12796,85.0124,2
12796,84.8631,2
12796,91.5765,2
12796,81.2439,2
12796,84.5437,2
12796,86.972,2
12796,92.952,2
12796,78.1642,2
12796,88.512,2
12996,12.0172,2
12996,11.951,2
12996,12.1818,2
12996,12.2143,2
12996,12.0411,2
12996,11.923,2
12996,11.6034,2
12996,11.2348,2
12996,11.8454,2
12996,11.077,2
16196,34.4302,2
16196,44.0031,2
16196,55.8394,2
16196,37.1154,2
16196,38.7587,2
16196,37.5606,2
16196,35.5401,2
16196,35.8853,2
16196,35.5806,2
16196,41.4031,2
16396,60.4669,2
16396,62.9611,2
16396,55.4214,2
16396,65.9838,2
16396,64.9015,2
16396,64.3156,2
16396,65.5004,2
16396,53.4171,2
16396,63.6095,2
16396,60.7393,2
16596,17.6629,2
16596,14.5588,2
16596,14.8929,2
16596,14.1331,2
16596,13.9608,2
16596,14.4688,2
16596,14.2612,2
16596,14.3688,2
16596,14.5405,2
16596,13.7878,2
16796,156.0901,2
16796,299.1091,2
16796,223.9461,2
16796,299.1585,2
16796,213.8734,2
16796,270.2926,2
16796,206.8384,2
16796,185.2586,2
16796,158.7404,2
16796,214.7272,2
16996,42.3322,2
16996,39.0744,2
16996,40.2616,2
16996,43.0811,2
16996,37.7803,2
16996,39.0209,2
16996,38.7242,2
16996,43.2221,2
16996,41.5264,2
16996,38.7621,2
17196,45.4593,2
17196,50.8949,2
17196,51.2008,2
17196,50.7686,2
17196,49.5773,2
17196,46.6206,2
17196,51.7141,2
17196,51.5628,2
17196,44.1971,2
17196,54.6885,2
17396,117.6727,2
17396,111.3296,2
17396,120.1961,2
17396,121.2708,2
17396,109.1383,2
17396,102.7261,2
17396,107.1246,2
17396,126.0254,2
17396,111.6342,2
17396,114.3273,2
17596,63.513,2
17596,59.5467,2
17596,61.7977,2
17596,62.5569,2
17596,67.1511,2
17596,61.8329,2
17596,59.8206,2
17596,61.2826,2
17596,66.2833,2
17596,69.1986,2
17796,22.5176,2
17796,23.1524,2
17796,22.3379,2
17796,26.7591,2
17796,25.1411,2
17796,24.8149,2
17796,24.5805,2
17796,24.3544,2
17796,28.2814,2
17796,24.325,2
17996,26.791,2
17996,25.5717,2
17996,28.3146,2
17996,26.5964,2
17996,27.5583,2
17996,23.4099,2
17996,25.3339,2
17996,25.5015,2
17996,26.1199,2
17996,24.3929,2
4196,12.5151,2
4196,11.9962,2
4196,11.4804,2
4196,12.6492,2
4196,11.3058,2
4196,11.2902,2
4196,12.5416,2
4196,12.1526,2
4196,11.7401,2
4196,12.9366,2
4396,32.7467,2
4396,33.5073,2
4396,29.7936,2
4396,33.9733,2
4396,34.6362,2
4396,30.6297,2
4396,29.4648,2
4396,30.7357,2
4396,32.0193,2
4396,32.5154,2
4596,78.7564,2
4596,85.8299,2
4596,88.237,2
4596,95.339,2
4596,80.0904,2
4596,77.6868,2
4596,100.6216,2
4596,94.6792,2
4596,74.3752,2
4596,70.9326,2
4796,47.2907,2
4796,47.5457,2
4796,48.5633,2
4796,50.8819,2
4796,52.7241,2
4796,51.1607,2
4796,46.7707,2
4796,60.8306,2
4796,52.8724,2
4796,55.5637,2
4996,29.8265,2
4996,29.3315,2
4996,32.1917,2
4996,30.3836,2
4996,31.6797,2
4996,29.4551,2
4996,28.5314,2
4996,30.1137,2
4996,26.8814,2
4996,29.026,2
5196,14.0882,2
5196,13.8436,2
5196,14.615,2
5196,13.7005,2
5196,14.1143,2
5196,13.4203,2
5196,14.5086,2
5196,14.3674,2
5196,14.2842,2
5196,14.0519,2
5396,77.117,2
5396,77.4186,2
5396,78.3285,2
5396,81.6526,2
5396,74.1949,2
5396,74.9236,2
5396,68.2789,2
5396,83.1368,2
5396,80.5262,2
5396,81.2169,2
5596,14.2012,2
5596,12.997,2
5596,12.454,2
5596,14.9727,2
5596,14.048,2
5596,13.6171,2
5596,14.4004,2
5596,14.4745,2
5596,13.9488,2
5596,14.7118,2
5796,11.9795,2
5796,12.6052,2
5796,12.7128,2
5796,11.4816,2
5796,12.6378,2
5796,12.2966,2
5796,12.4371,2
5796,12.0284,2
5796,12.8145,2
5796,11.5362,2
5996,25.278,2
5996,25.8411,2
5996,27.3316,2
5996,24.3107,2
5996,26.3171,2
5996,27.0666,2
5996,27.5844,2
5996,28.4369,2
5996,25.5901,2
5996,27.5854,2
6196,17.2511,2
6196,16.5913,2
6196,16.6467,2
6196,17.5459,2
6196,17.3765,2
6196,15.8069,2
6196,17.1196,2
6196,18.238,2
6196,14.8291,2
6196,17.1471,2
6396,153.4098,2
6396,122.9386,2
6396,132.0547,2
6396,145.6574,2
6396,191.7595,2
6396,169.4087,2
6396,137.5479,2
6396,187.961,2
6396,124.0035,2
6396,138.3948,2
6596,16.3863,2
6596,15.285,2
6596,15.3334,2
6596,16.6049,2
6596,14.3279,2
6596,15.069,2
6596,15.8716,2
6596,15.5974,2
6596,16.1898,2
6596,16.4724,2
6796,56.1988,2
6796,62.8689,2
6796,49.3788,2
6796,52.2899,2
6796,45.5614,2
6796,51.8124,2
6796,52.7807,2
6796,55.8452,2
6796,57.4549,2
6796,51.8328,2
6996,108.6634,2
6996,102.0138,2
6996,98.1267,2
6996,107.0334,2
6996,111.5654,2
6996,105.7616,2
6996,100.4676,2
6996,112.8542,2
6996,111.7033,2
6996,114.4975,2
7196,82.7614,2
7196,83.0417,2
7196,86.7063,2
7196,73.7842,2
7196,76.3708,2
7196,79.335,2
7196,77.3921,2
7196,79.3029,2
7196,80.9604,2
7196,79.6297,2
7396,21.4147,2
7396,22.7593,2
7396,21.8253,2
7396,20.6442,2
7396,22.8219,2
7396,20.3954,2
7396,21.5381,2
7396,20.9639,2
7396,20.9969,2
7396,22.8509,2
7596,13.9897,2
7596,13.7344,2
7596,16.1386,2
7596,15.3945,2
7596,14.7692,2
7596,15.5326,2
7596,13.6185,2
7596,14.4258,2
7596,14.7671,2
7596,15.9793,2
7796,20.758,2
7796,20.511,2
7796,19.8899,2
7796,21.3689,2
7796,21.002,2
7796,19.736,2
7796,19.9484,2
7796,20.2588,2
7796,18.4911,2
7796,19.8188,2
7996,23.574,2
7996,21.9977,2
7996,21.3442,2
7996,24.1651,2
7996,23.5369,2
7996,22.852,2
7996,21.3458,2
7996,22.8675,2
7996,21.3719,2
7996,22.1285,2
19196,15.5507,2
19196,18.655,2
19196,19.7545,2
19196,18.8024,2
19196,16.8602,2
19196,15.1397,2
19196,16.4718,2
19196,15.4482,2
19196,18.0429,2
19196,16.9789,2
19396,165.9308,2
19396,205.4854,2
19396,203.4584,2
19396,187.6368,2
19396,231.5777,2
19396,216.2992,2
19396,218.2065,2
19396,168.7659,2
19396,244.2573,2
19396,201.4666,2
19596,326.0486,2
19596,317.5292,2
19596,307.4199,2
19596,322.8756,2
19596,312.0962,2
19596,248.3546,2
19596,266.2758,2
19596,277.1458,2
19596,253.1335,2
19596,342.9868,2
19796,141.4541,2
19796,156.0848,2
19796,129.8153,2
19796,138.2236,2
19796,130.5061,2
19796,124.3353,2
19796,130.174,2
19796,150.331,2
19796,152.0384,2
19796,114.9691,2
19996,16.68,2
19996,16.8224,2
19996,13.9598,2
19996,14.5572,2
19996,16.7344,2
19996,13.8759,2
19996,14.5951,2
19996,16.5488,2
19996,12.4726,2
19996,16.3703,2
15196,26.071,2
15196,27.8857,2
15196,27.2932,2
15196,28.5326,2
15196,28.0402,2
15196,29.3417,2
15196,26.7373,2
15196,27.3411,2
15196,28.4352,2
15196,30.5191,2
15396,10.3085,2
15396,10.3244,2
15396,10.4203,2
15396,10.586,2
15396,9.9189,2
15396,10.493,2
15396,10.4895,2
15396,10.5846,2
15396,10.6685,2
15396,10.5636,2
15596,20.8347,2
15596,21.4978,2
15596,21.4868,2
15596,21.0875,2
15596,20.7997,2
15596,20.7281,2
15596,20.5217,2
15596,19.856,2
15596,19.9375,2
15596,21.9243,2
15796,53.0256,2
15796,47.3257,2
15796,45.7097,2
15796,49.1862,2
15796,46.7933,2
15796,49.493,2
15796,54.2639,2
15796,43.2519,2
15796,51.4803,2
15796,51.954,2
15996,19.887,2
15996,18.1187,2
15996,19.0735,2
15996,18.5741,2
15996,18.8752,2
15996,17.6052,2
15996,18.8925,2
15996,18.7892,2
15996,18.2006,2
15996,19.39,2
8196,10.9556,2
8196,10.8903,2
8196,10.46,2
8196,10.5364,2
8196,10.8151,2
8196,10.306,2
8196,10.7949,2
8196,10.5356,2
8196,10.6347,2
8196,10.9728,2
8396,11.2771,2
8396,11.7176,2
8396,11.1484,2
8396,12.0502,2
8396,11.5307,2
8396,12.203,2
8396,11.1434,2
8396,11.5423,2
8396,11.7979,2
8396,11.5836,2
8596,10.851,2
8596,11.8111,2
8596,11.1987,2
8596,11.5461,2
8596,11.5697,2
8596,11.4581,2
8596,11.3029,2
8596,12.0939,2
8596,11.7918,2
8596,11.6353,2
8796,9.3053,2
8796,9.7376,2
8796,9.5578,2
8796,9.2445,2
8796,9.6859,2
8796,9.4446,2
8796,9.6829,2
8796,9.3412,2
8796,9.7617,2
8796,9.3973,2
8996,23.0521,2
8996,22.8494,2
8996,25.0165,2
8996,25.0877,2
8996,25.2448,2
8996,24.0631,2
8996,23.0255,2
8996,24.0958,2
8996,23.6037,2
8996,24.5868,2
9196,18.3423,2
9196,17.7702,2
9196,18.7256,2
9196,17.9216,2
9196,18.5857,2
9196,17.7921,2
9196,16.2117,2
9196,18.754,2
9196,17.8832,2
9196,18.0558,2
9396,31.7269,2
9396,30.0134,2
9396,31.4783,2
9396,32.2099,2
9396,28.4059,2
9396,30.0018,2
9396,31.5438,2
9396,29.0629,2
9396,29.5745,2
9396,32.8734,2
9596,127.1643,2
9596,108.3604,2
9596,119.5178,2
9596,86.6003,2
9596,96.5248,2
9596,81.5151,2
9596,77.5364,2
9596,117.8441,2
9596,129.7669,2
9596,123.5736,2
9796,37.1346,2
9796,37.9041,2
9796,37.4348,2
9796,36.9947,2
9796,38.2764,2
9796,39.6098,2
9796,39.2408,2
9796,36.0422,2
9796,36.8661,2
9796,35.7829,2
9996,22.7996,2
9996,23.4535,2
9996,23.7058,2
9996,21.0343,2
9996,23.5444,2
9996,22.1812,2
9996,21.8946,2
9996,22.5186,2
9996,22.5594,2
9996,23.8884,2
10196,21.5478,2
10196,22.6885,2
10196,23.3604,2
10196,23.0272,2
10196,23.1468,2
10196,25.0572,2
10196,22.9754,2
10196,21.5644,2
10196,23.6739,2
10196,24.4192,2
10396,9.7089,2
10396,9.4849,2
10396,9.5819,2
10396,9.6724,2
10396,9.5732,2
10396,9.4548,2
10396,9.538,2
10396,9.7577,2
10396,9.8247,2
10396,9.5788,2
10596,43.2813,2
10596,43.2851,2
10596,43.1797,2
10596,45.2946,2
10596,48.313,2
10596,40.8242,2
10596,43.7967,2
10596,48.1512,2
10596,46.4002,2
10596,44.1803,2
10796,42.1142,2
10796,45.4504,2
10796,44.2704,2
10796,39.5281,2
10796,45.213,2
10796,46.5794,2
10796,45.1894,2
10796,44.7193,2
10796,42.991,2
10796,39.8192,2
10996,23.9673,2
10996,24.303,2
10996,24.7034,2
10996,22.1788,2
10996,23.323,2
10996,25.2457,2
10996,25.6741,2
10996,23.1518,2
10996,24.5573,2
10996,25.0966,2
11196,71.4441,2
11196,69.4727,2
11196,66.3596,2
11196,74.0449,2
11196,74.4232,2
11196,64.6847,2
11196,66.1192,2
11196,62.0247,2
11196,67.9067,2
11196,72.4295,2
11396,34.4609,2
11396,38.9521,2
11396,35.6208,2
11396,36.9868,2
11396,33.7382,2
11396,32.8252,2
11396,36.3426,2
11396,38.4378,2
11396,36.6668,2
11396,33.9083,2
11596,12.3914,2
11596,11.9185,2
11596,12.7679,2
11596,12.6913,2
11596,12.0067,2
11596,12.0367,2
11596,12.2829,2
11596,12.8266,2
11596,12.7424,2
11596,11.9904,2
11796,13.5691,2
11796,12.4787,2
11796,13.5381,2
11796,13.2204,2
11796,13.2717,2
11796,12.5415,2
11796,13.3938,2
11796,13.0221,2
11796,13.0734,2
11796,13.7414,2
11996,18.7519,2
11996,19.4922,2
11996,20.3606,2
11996,21.2432,2
11996,19.705,2
11996,20.1406,2
11996,18.8518,2
11996,19.8952,2
11996,19.397,2
11996,19.5286,2
196,0.0629,2
196,0.0703,2
196,0.0698,2
196,0.0624,2
196,0.0541,2
196,0.0666,2
196,0.0474,2
196,0.0824,2
196,0.0663,2
196,0.0581,2
396,0.077,2
396,0.0834,2
396,0.0763,2
396,0.082,2
396,0.0778,2
396,0.0696,2
396,0.0801,2
396,0.0795,2
396,0.0782,2
396,0.0747,2
596,1.6274,2
596,1.1432,2
596,1.7166,2
596,1.318,2
596,1.0628,2
596,1.1681,2
596,1.6112,2
596,1.0875,2
596,1.4358,2
596,1.2255,2
796,0.2453,2
796,0.2157,2
796,0.2089,2
796,0.2207,2
796,0.2144,2
796,0.1947,2
796,0.2259,2
796,0.2097,2
796,0.2156,2
796,0.209,2
996,1.4905,2
996,1.2054,2
996,1.3492,2
996,1.1219,2
996,1.3096,2
996,1.2757,2
996,1.3332,2
996,1.2245,2
996,1.5886,2
996,1.4208,2
1196,1.356,2
1196,1.3175,2
1196,1.5527,2
1196,1.7527,2
1196,1.5707,2
1196,1.4141,2
1196,1.6096,2
1196,1.5195,2
1196,1.6487,2
1196,1.7777,2
1396,1.2233,2
1396,1.1944,2
1396,1.138,2
1396,1.0626,2
1396,1.2373,2
1396,1.1207,2
1396,1.1113,2
1396,1.1922,2
1396,1.0663,2
1396,1.0739,2
1596,1.825,2
1596,1.8457,2
1596,1.6945,2
1596,1.9176,2
1596,1.7691,2
1596,1.6707,2
1596,1.8518,2
1596,1.8167,2
1596,1.5722,2
1596,1.9512,2
1796,0.7897,2
1796,0.8018,2
1796,0.8674,2
1796,0.8646,2
1796,0.9019,2
1796,0.9557,2
1796,0.8886,2
1796,0.8857,2
1796,0.8749,2
1796,0.8358,2
1996,11.2603,2
1996,11.8436,2
1996,11.1202,2
1996,11.6329,2
1996,11.53,2
1996,12.035,2
1996,11.3117,2
1996,11.6247,2
1996,11.5063,2
1996,11.4787,2
2196,10.4031,2
2196,9.9946,2
2196,10.4713,2
2196,10.5673,2
2196,10.9705,2
2196,10.8181,2
2196,10.6333,2
2196,11.2309,2
2196,11.1578,2
2196,10.4367,2
2396,10.7002,2
2396,11.6615,2
2396,10.6039,2
2396,11.0239,2
2396,10.9722,2
2396,11.0101,2
2396,10.9382,2
2396,10.5563,2
2396,11.3472,2
2396,10.7505,2
2596,8.3553,2
2596,8.2091,2
2596,8.209,2
2596,8.5083,2
2596,8.2937,2
2596,8.2481,2
2596,8.6528,2
2596,8.2581,2
2596,8.1586,2
2596,8.4403,2
2796,8.835,2
2796,8.9651,2
2796,8.5456,2
2796,8.7624,2
2796,8.8285,2
2796,8.4176,2
2796,8.7577,2
2796,8.7468,2
2796,8.7886,2
2796,8.3944,2
2996,9.4334,2
2996,9.2129,2
2996,8.974,2
2996,8.7757,2
2996,8.6239,2
2996,9.4542,2
2996,9.1674,2
2996,8.9528,2
2996,8.9269,2
2996,8.8373,2
3196,9.9422,2
3196,9.9268,2
3196,9.6156,2
3196,10.0318,2
3196,9.985,2
3196,10.1186,2
3196,9.7462,2
3196,9.7371,2
3196,9.8721,2
3196,9.7844,2
3396,30.955,2
3396,24.4456,2
3396,26.67,2
3396,24.9041,2
3396,22.4686,2
3396,27.154,2
3396,28.2158,2
3396,27.4752,2
3396,29.7754,2
3396,24.1859,2
3596,21.1992,2
3596,18.6104,2
3596,20.8526,2
3596,20.5856,2
3596,21.2363,2
3596,19.2698,2
3596,21.3419,2
3596,19.3493,2
3596,19.6607,2
3596,22.4798,2
3796,18.0733,2
3796,17.9234,2
3796,20.9133,2
3796,17.6358,2
3796,19.0685,2
3796,18.3049,2
3796,19.139,2
3796,19.1549,2
3796,19.4148,2
3796,18.9898,2
3996,8.5152,2
3996,8.2784,2
3996,8.4057,2
3996,8.6379,2
3996,8.2346,2
3996,7.8048,2
3996,8.3629,2
3996,8.6023,2
3996,8.3916,2
3996,8.2414,2
27306,52.8819,1
27306,54.514,1
27306,52.0726,1
27306,52.8069,1
27306,52.4172,1
27306,53.2804,1
27306,54.4056,1
27306,53.4235,1
27306,55.2399,1
27306,57.3432,1
27551,74.9009,1
27551,72.23,1
27551,73.0103,1
27551,73.1639,1
27551,71.6807,1
27551,71.191,1
27551,74.3622,1
27551,72.6146,1
27551,73.1734,1
27551,74.5484,1
27808,27.6232,1
27808,27.0485,1
27808,27.838,1
27808,27.7473,1
27808,28.73,1
27808,27.848,1
27808,28.7401,1
27808,27.4835,1
27808,28.6025,1
27808,27.348,1
28390,89.779,1
28390,88.9381,1
28390,93.2548,1
28390,89.6747,1
28390,85.0902,1
28390,91.4193,1
28390,88.1975,1
28390,88.1681,1
28390,90.4423,1
28390,94.7231,1
28242,140.8984,1
28242,136.9455,1
28242,137.7281,1
28242,142.4521,1
28242,140.5106,1
28242,142.9774,1
28242,137.603,1
28242,136.6561,1
28242,141.0028,1
28242,131.4127,1
18258,39.6857,1
18258,39.4218,1
18258,38.4192,1
18258,38.1814,1
18258,37.7956,1
18258,38.3425,1
18258,39.2231,1
18258,39.7357,1
18258,39.3727,1
18258,40.0595,1
18658,22.0959,1
18658,21.894,1
18658,22.2987,1
18658,21.7131,1
18658,22.2356,1
18658,21.6182,1
18658,21.7596,1
18658,21.2862,1
18658,22.9601,1
18658,22.8559,1
18959,9.9494,1
18959,9.8135,1
18959,10.0262,1
18959,9.9059,1
18959,10.0121,1
18959,10.2375,1
18959,9.9902,1
18959,10.1261,1
18959,9.9162,1
18959,10.0296,1
19077,55.8037,1
19077,52.1552,1
19077,52.7439,1
19077,53.4756,1
19077,54.428,1
19077,52.5727,1
19077,52.3609,1
19077,54.75,1
19077,50.633,1
19077,53.8124,1
19825,20.4978,1
19825,19.9927,1
19825,19.6817,1
19825,20.4196,1
19825,19.7392,1
19825,20.5235,1
19825,20.1344,1
19825,20.0694,1
19825,19.9045,1
19825,19.9956,1
19526,53.6725,1
19526,54.9095,1
19526,54.4886,1
19526,53.1372,1
19526,53.86,1
19526,52.8093,1
19526,51.5837,1
19526,54.1159,1
19526,52.7588,1
19526,52.3006,1
20095,9.2796,1
20095,9.2541,1
20095,9.184,1
20095,6.2209,1
20095,6.1912,1
20095,9.3467,1
20095,9.1504,1
20095,9.2548,1
20095,9.2726,1
20095,9.2386,1
20438,21.115,1
20438,21.0195,1
20438,20.5411,1
20438,20.3334,1
20438,20.6177,1
20438,20.3273,1
20438,20.3644,1
20438,20.0571,1
20438,20.6194,1
20438,20.9247,1
20677,17.9633,1
20677,17.0552,1
20677,17.0771,1
20677,17.1545,1
20677,17.8885,1
20677,17.5188,1
20677,17.6193,1
20677,17.4073,1
20677,17.2285,1
20677,17.2146,1
21140,14.0501,1
21140,13.7354,1
21140,12.9629,1
21140,13.4866,1
21140,13.0758,1
21140,13.632,1
21140,10.3802,1
21140,12.8824,1
21140,13.1051,1
21140,12.8198,1
21218,23.3769,1
21218,23.4639,1
21218,23.7365,1
21218,23.0365,1
21218,23.5929,1
21218,24.2531,1
21218,23.2464,1
21218,22.923,1
21218,23.4061,1
21218,23.5274,1
21576,15.7422,1
21576,15.5113,1
21576,15.9454,1
21576,15.6924,1
21576,15.6318,1
21576,15.6724,1
21576,15.9817,1
21576,15.4956,1
21576,15.6745,1
21576,15.7202,1
21791,22.388,1
21791,21.0755,1
21791,21.0013,1
21791,21.6098,1
21791,21.9721,1
21791,21.8856,1
21791,21.6663,1
21791,21.9312,1
21791,22.0608,1
21791,22.5811,1
22060,25.0292,1
22060,25.3104,1
22060,25.1336,1
22060,24.6874,1
22060,24.5468,1
22060,25.1988,1
22060,25.2433,1
22060,26.3097,1
22060,24.4246,1
22060,25.28,1
22401,16.7363,1
22401,16.6645,1
22401,16.3801,1
22401,16.4637,1
22401,16.8317,1
22401,16.4348,1
22401,16.3119,1
22401,16.2467,1
22401,16.052,1
22401,16.238,1
22798,19.4691,1
22798,19.449,1
22798,19.1033,1
22798,18.9993,1
22798,18.7783,1
22798,19.124,1
22798,18.6057,1
22798,19.2569,1
22798,18.5345,1
22798,16.0932,1
23169,53.3334,1
23169,55.1354,1
23169,55.0655,1
23169,54.0458,1
23169,55.2719,1
23169,56.269,1
23169,54.3915,1
23169,53.9605,1
23169,57.0975,1
23169,54.4113,1
23325,30.5667,1
23325,30.2034,1
23325,30.1457,1
23325,30.4291,1
23325,30.8846,1
23325,29.8618,1
23325,29.8998,1
23325,30.7657,1
23325,29.4448,1
23325,30.7785,1
23737,14.6454,1
23737,14.7157,1
23737,15.0291,1
23737,14.4281,1
23737,14.5794,1
23737,14.9949,1
23737,14.6296,1
23737,14.6789,1
23737,14.3487,1
23737,14.4146,1
23898,57.3208,1
23898,53.434,1
23898,55.2084,1
23898,56.1265,1
23898,56.0188,1
23898,58.6701,1
23898,58.0601,1
23898,55.6759,1
23898,57.5877,1
23898,57.8499,1
12245,23.8352,1
12245,24.1656,1
12245,23.5459,1
12245,24.5438,1
12245,24.1641,1
12245,24.7771,1
12245,24.7918,1
12245,24.1883,1
12245,24.1027,1
12245,24.6002,1
12654,39.0088,1
12654,39.9207,1
12654,39.7547,1
12654,39.5111,1
12654,39.5789,1
12654,39.5023,1
12654,39.7456,1
12654,39.8692,1
12654,39.7188,1
12654,38.9379,1
12852,8.0962,1
12852,8.0191,1
12852,5.001,1
12852,8.0298,1
12852,8.0383,1
12852,8.0374,1
12852,8.0275,1
12852,8.1435,1
12852,8.155,1
12852,5.0821,1
13533,21.3644,1
13533,20.9475,1
13533,21.2201,1
13533,20.6337,1
13533,21.222,1
13533,20.762,1
13533,21.0622,1
13533,20.5996,1
13533,20.8561,1
13533,20.8929,1
13396,33.6924,1
13396,34.0932,1
13396,33.8106,1
13396,33.7226,1
13396,33.2485,1
13396,33.5064,1
13396,34.078,1
13396,34.3021,1
13396,34.4126,1
13396,34.2562,1
13823,35.2812,1
13823,34.8086,1
13823,35.6002,1
13823,34.9816,1
13823,35.6429,1
13823,34.7744,1
13823,34.8853,1
13823,35.8803,1
13823,34.7417,1
13823,36.1109,1
14031,31.0939,1
14031,30.3822,1
14031,29.9341,1
14031,31.0688,1
14031,31.1816,1
14031,30.7933,1
14031,30.0189,1
14031,29.7685,1
14031,30.2624,1
14031,30.79,1
14585,14.0313,1
14585,13.5579,1
14585,13.608,1
14585,13.5812,1
14585,14.0185,1
14585,14.1853,1
14585,14.15,1
14585,14.0794,1
14585,13.801,1
14585,13.8419,1
14817,11.2121,1
14817,11.1606,1
14817,11.2196,1
14817,11.138,1
14817,10.9242,1
14817,11.3963,1
14817,11.2922,1
14817,11.5454,1
14817,10.9588,1
14817,11.1763,1
15074,9.0359,1
15074,8.9152,1
15074,8.9556,1
15074,8.9341,1
15074,6.029,1
15074,8.8021,1
15074,5.8121,1
15074,8.8873,1
15074,8.997,1
15074,5.909,1
15325,8.1429,1
15325,5.3698,1
15325,8.301,1
15325,8.4716,1
15325,8.4719,1
15325,8.4114,1
15325,8.3153,1
15325,5.3115,1
15325,5.3193,1
15325,8.1675,1
15590,24.3897,1
15590,24.6209,1
15590,25.5629,1
15590,24.3386,1
15590,24.3244,1
15590,24.2086,1
15590,25.0096,1
15590,24.2849,1
15590,24.4772,1
15590,24.9334,1
15946,16.4764,1
15946,17.1478,1
15946,16.6971,1
15946,16.5228,1
15946,16.7177,1
15946,16.7377,1
15946,16.4432,1
15946,16.2555,1
15946,16.9032,1
15946,16.4701,1
16054,38.2789,1
16054,38.1189,1
16054,38.5849,1
16054,38.4831,1
16054,37.975,1
16054,38.2584,1
16054,38.6097,1
16054,36.8155,1
16054,38.2779,1
16054,38.4123,1
16673,41.1834,1
16673,40.7208,1
16673,41.9039,1
16673,40.9489,1
16673,42.2308,1
16673,41.3207,1
16673,41.9514,1
16673,41.3519,1
16673,41.6651,1
16673,41.4223,1
16890,47.2912,1
16890,48.2578,1
16890,49.3576,1
16890,46.1801,1
16890,48.8642,1
16890,48.2525,1
16890,48.4106,1
16890,47.9211,1
16890,47.9074,1
16890,48.1501,1
17064,8.9399,1
17064,8.903,1
17064,5.8882,1
17064,9.0872,1
17064,8.7834,1
17064,8.7401,1
17064,8.8661,1
17064,8.7574,1
17064,8.8315,1
17064,8.7003,1
17177,36.3702,1
17177,37.221,1
17177,37.0096,1
17177,37.2416,1
17177,37.2008,1
17177,35.7491,1
17177,33.5634,1
17177,35.8965,1
17177,36.8699,1
17177,35.8834,1
17929,25.5025,1
17929,25.6857,1
17929,25.2884,1
17929,26.0937,1
17929,25.6677,1
17929,25.6523,1
17929,25.3813,1
17929,24.7976,1
17929,25.3898,1
17929,25.7025,1
18140,38.5,1
18140,38.2733,1
18140,38.2671,1
18140,38.6642,1
18140,38.4087,1
18140,38.4792,1
18140,38.0364,1
18140,38.4843,1
18140,37.7781,1
18140,37.8209,1
6259,6.9252,1
6259,6.8625,1
6259,6.8731,1
6259,6.8186,1
6259,6.9507,1
6259,6.785,1
6259,6.8711,1
6259,6.9723,1
6259,6.9402,1
6259,6.9753,1
6567,11.3495,1
6567,11.4654,1
6567,11.5323,1
6567,11.3088,1
6567,8.857,1
6567,11.8176,1
6567,11.2295,1
6567,11.544,1
6567,11.516,1
6567,11.3681,1
6813,8.0186,1
6813,7.8716,1
6813,7.9752,1
6813,4.958,1
6813,7.8735,1
6813,7.8816,1
6813,4.9701,1
6813,8.0499,1
6813,8.0246,1
6813,7.9721,1
7210,9.7755,1
7210,9.8165,1
7210,9.8255,1
7210,9.8301,1
7210,9.8167,1
7210,10.0127,1
7210,9.78,1
7210,10.024,1
7210,9.9296,1
7210,9.7731,1
7366,18.4396,1
7366,18.9028,1
7366,18.6995,1
7366,17.7741,1
7366,18.4456,1
7366,18.5381,1
7366,18.7593,1
7366,18.3166,1
7366,17.9783,1
7366,18.6821,1
7561,11.9152,1
7561,11.8235,1
7561,11.5452,1
7561,11.6476,1
7561,12.1118,1
7561,12.0595,1
7561,11.9596,1
7561,11.8311,1
7561,11.842,1
7561,11.8465,1
8094,9.5016,1
8094,9.567,1
8094,9.5926,1
8094,9.2985,1
8094,9.456,1
8094,9.5725,1
8094,9.5051,1
8094,9.4428,1
8094,9.4103,1
8094,9.5959,1
8584,22.1822,1
8584,22.3885,1
8584,21.6821,1
8584,21.6213,1
8584,20.9317,1
8584,22.0419,1
8584,22.2289,1
8584,21.6016,1
8584,21.181,1
8584,21.7413,1
8730,11.7235,1
8730,11.7771,1
8730,11.8415,1
8730,11.4624,1
8730,11.8016,1
8730,11.7035,1
8730,11.5445,1
8730,11.7434,1
8730,11.5884,1
8730,11.7086,1
8895,8.4207,1
8895,8.2753,1
8895,5.2986,1
8895,8.2522,1
8895,8.307,1
8895,5.285,1
8895,8.259,1
8895,8.2357,1
8895,8.2512,1
8895,8.3773,1
9236,12.8622,1
9236,12.9661,1
9236,12.8882,1
9236,12.7769,1
9236,13.0977,1
9236,12.8494,1
9236,12.9647,1
9236,13.1134,1
9236,12.9653,1
9236,13.1031,1
9509,22.5422,1
9509,22.5522,1
9509,22.7029,1
9509,22.3637,1
9509,22.1257,1
9509,22.5708,1
9509,22.0107,1
9509,22.0959,1
9509,22.1524,1
9509,21.6646,1
9901,7.5689,1
9901,7.5632,1
9901,4.5991,1
9901,4.6036,1
9901,7.542,1
9901,4.5211,1
9901,4.5003,1
9901,7.5663,1
9901,4.5974,1
9901,4.5963,1
10042,11.4398,1
10042,11.3537,1
10042,10.9188,1
10042,8.0467,1
10042,11.0398,1
10042,8.1042,1
10042,11.2566,1
10042,8.1737,1
10042,11.401,1
10042,11.1257,1
10412,9.2572,1
10412,9.4076,1
10412,9.4225,1
10412,9.3318,1
10412,9.5615,1
10412,9.4855,1
10412,9.4439,1
10412,6.3652,1
10412,9.4906,1
10412,9.3542,1
10781,23.0067,1
10781,22.9544,1
10781,22.8216,1
10781,23.7939,1
10781,23.3997,1
10781,23.24,1
10781,22.5708,1
10781,22.9369,1
10781,23.2483,1
10781,22.9955,1
10916,24.4245,1
10916,24.0387,1
10916,24.3093,1
10916,24.4075,1
10916,24.2012,1
10916,24.2202,1
10916,24.625,1
10916,24.4785,1
10916,24.6513,1
10916,24.2871,1
11370,20.0137,1
11370,20.2419,1
11370,20.3709,1
11370,19.6318,1
11370,19.9082,1
11370,19.9,1
11370,20.0594,1
11370,19.9324,1
11370,19.4733,1
11370,19.8876,1
11686,9.8144,1
11686,9.9936,1
11686,9.9315,1
11686,9.8548,1
11686,9.8042,1
11686,10.023,1
11686,9.9405,1
11686,9.939,1
11686,9.9289,1
11686,9.8619,1
11949,10.0343,1
11949,9.8692,1
11949,9.9954,1
11949,9.7413,1
11949,9.9038,1
11949,10.0325,1
11949,10.055,1
11949,6.8522,1
11949,9.8371,1
11949,9.95,1
29117,40.9174,1
29117,33.2384,1
29117,40.0437,1
29117,39.6988,1
29117,37.9965,1
29117,36.4609,1
29117,30.3355,1
29117,31.2233,1
29117,38.1826,1
29117,40.1902,1
29268,52.3391,1
29268,51.5754,1
29268,53.8286,1
29268,54.6233,1
29268,47.2374,1
29268,61.4582,1
29268,60.7787,1
29268,56.3993,1
29268,50.0283,1
29268,59.456,1
29193,70.3497,1
29193,67.4822,1
29193,68.4426,1
29193,65.5231,1
29193,64.9544,1
29193,61.2437,1
29193,67.9384,1
29193,71.3866,1
29193,65.8993,1
29193,73.9088,1
29644,80.9307,1
29644,79.9646,1
29644,86.8027,1
29644,83.0614,1
29644,87.3021,1
29644,87.2023,1
29644,79.8417,1
29644,82.7292,1
29644,91.9401,1
29644,84.8737,1
30435,85.8076,1
30435,84.8178,1
30435,86.604,1
30435,88.4636,1
30435,85.9168,1
30435,83.9688,1
30435,83.8626,1
30435,87.565,1
30435,87.6795,1
30435,88.3806,1
24292,42.2603,1
24292,40.0361,1
24292,41.6978,1
24292,41.4848,1
24292,40.795,1
24292,42.2179,1
24292,41.5338,1
24292,44.2084,1
24292,43.6891,1
24292,43.4298,1
24560,11.5124,1
24560,11.2517,1
24560,11.4531,1
24560,11.5021,1
24560,11.5506,1
24560,11.7061,1
24560,11.5424,1
24560,11.5421,1
24560,11.6952,1
24560,11.5038,1
24943,71.9311,1
24943,70.1312,1
24943,70.6964,1
24943,67.309,1
24943,69.4,1
24943,67.0175,1
24943,70.0568,1
24943,69.9226,1
24943,70.991,1
24943,70.6438,1
25386,59.3584,1
25386,60.2223,1
25386,59.1186,1
25386,60.3085,1
25386,61.4049,1
25386,60.462,1
25386,59.6109,1
25386,58.285,1
25386,58.7857,1
25386,57.7054,1
25831,68.0545,1
25831,68.3156,1
25831,68.2898,1
25831,67.6409,1
25831,71.1134,1
25831,66.9165,1
25831,67.7972,1
25831,67.5684,1
25831,68.3619,1
25831,68.2196,1
25912,27.1864,1
25912,28.1811,1
25912,27.1907,1
25912,27.8851,1
25912,28.3067,1
25912,28.5178,1
25912,27.9893,1
25912,27.2988,1
25912,27.0218,1
25912,27.9006,1
26266,32.1594,1
26266,33.2816,1
26266,33.5831,1
26266,32.6345,1
26266,32.8394,1
26266,32.4335,1
26266,32.5209,1
26266,32.725,1
26266,32.2983,1
26266,32.8403,1
26250,28.4059,1
26250,28.5628,1
26250,29.0121,1
26250,29.4964,1
26250,28.6822,1
26250,28.6289,1
26250,28.2741,1
26250,28.9103,1
26250,29.2508,1
26250,28.9235,1
26663,15.1832,1
26663,16.1385,1
26663,15.0088,1
26663,15.8015,1
26663,16.0032,1
26663,15.6318,1
26663,15.2586,1
26663,16.2367,1
26663,15.4913,1
26663,15.3634,1
26880,10.4311,1
26880,7.3846,1
26880,10.1811,1
26880,7.2332,1
26880,10.5806,1
26880,10.371,1
26880,10.4723,1
26880,10.3298,1
26880,10.4159,1
26880,10.3613,1
277,0.2219,1
277,0.2,1
277,0.2197,1
277,0.2083,1
277,0.175,1
277,0.2394,1
277,0.185,1
277,0.1941,1
277,0.2251,1
277,0.2236,1
544,0.31,1
544,0.2801,1
544,0.2894,1
544,0.2691,1
544,0.2884,1
544,0.3194,1
544,0.2956,1
544,0.288,1
544,0.2802,1
544,0.2885,1
883,0.559,1
883,0.6624,1
883,0.4972,1
883,0.575,1
883,0.6137,1
883,0.6128,1
883,0.5599,1
883,0.5849,1
883,0.5725,1
883,0.5783,1
1181,0.5344,1
1181,0.508,1
1181,0.5175,1
1181,0.6261,1
1181,0.5765,1
1181,0.4789,1
1181,0.5156,1
1181,0.4832,1
1181,0.49,1
1181,0.5025,1
1497,0.2173,1
1497,0.2101,1
1497,0.202,1
1497,0.213,1
1497,0.2327,1
1497,0.2086,1
1497,0.2151,1
1497,0.2197,1
1497,0.2168,1
1497,0.2071,1
1726,1.1157,1
1726,1.1921,1
1726,1.2568,1
1726,1.1823,1
1726,1.2176,1
1726,1.2535,1
1726,1.1161,1
1726,1.2397,1
1726,1.0868,1
1726,1.2776,1
2008,1.4626,1
2008,1.4998,1
2008,1.556,1
2008,1.4908,1
2008,1.5335,1
2008,1.6051,1
2008,1.4823,1
2008,1.3821,1
2008,1.5705,1
2008,1.521,1
2444,0.4215,1
2444,0.4317,1
2444,0.4184,1
2444,0.4323,1
2444,0.4925,1
2444,0.4721,1
2444,0.4361,1
2444,0.4653,1
2444,0.4525,1
2444,0.4269,1
2658,0.3256,1
2658,0.3495,1
2658,0.3384,1
2658,0.3188,1
2658,0.3268,1
2658,0.3327,1
2658,0.3336,1
2658,0.3033,1
2658,0.3273,1
2658,0.3329,1
2876,6.4429,1
2876,6.4774,1
2876,6.4474,1
2876,6.4217,1
2876,6.4851,1
2876,6.551,1
2876,6.4482,1
2876,6.4297,1
2876,6.4733,1
2876,6.4982,1
3343,7.5259,1
3343,7.4638,1
3343,7.502,1
3343,7.5976,1
3343,7.5039,1
3343,7.4249,1
3343,7.4106,1
3343,7.5732,1
3343,7.65,1
3343,7.5555,1
3575,7.2861,1
3575,7.1457,1
3575,7.1838,1
3575,7.2243,1
3575,7.1961,1
3575,7.343,1
3575,7.1943,1
3575,7.2552,1
3575,7.23,1
3575,7.2415,1
3854,9.9516,1
3854,10.0901,1
3854,10.2585,1
3854,10.1148,1
3854,10.0804,1
3854,9.9943,1
3854,10.1472,1
3854,10.1208,1
3854,10.1373,1
3854,9.894,1
4119,13.5881,1
4119,13.2416,1
4119,13.6502,1
4119,13.4274,1
4119,13.5592,1
4119,14.018,1
4119,13.9013,1
4119,13.7304,1
4119,13.7431,1
4119,13.8643,1
4456,9.2348,1
4456,9.1982,1
4456,9.196,1
4456,9.1422,1
4456,9.3594,1
4456,9.3258,1
4456,9.3579,1
4456,9.2536,1
4456,9.2021,1
4456,9.2158,1
4822,10.8795,1
4822,10.6137,1
4822,10.8918,1
4822,10.989,1
4822,11.0122,1
4822,10.7933,1
4822,10.8308,1
4822,10.919,1
4822,10.7944,1
4822,10.8692,1
4997,7.7602,1
4997,7.7089,1
4997,7.7027,1
4997,7.5406,1
4997,7.6211,1
4997,7.6665,1
4997,7.6296,1
4997,7.7477,1
4997,7.6216,1
4997,7.6914,1
5322,7.2181,1
5322,4.2212,1
5322,7.227,1
5322,7.2241,1
5322,7.238,1
5322,7.1991,1
5322,7.2634,1
5322,7.2224,1
5322,7.1824,1
5322,7.2132,1
5596,7.1982,1
5596,7.2698,1
5596,7.225,1
5596,7.1727,1
5596,7.1702,1
5596,7.1533,1
5596,7.2294,1
5596,7.1615,1
5596,7.2538,1
5596,7.2699,1
6019,10.462,1
6019,10.3504,1
6019,10.5665,1
6019,10.5824,1
6019,10.5118,1
6019,10.424,1
6019,10.3518,1
6019,10.4455,1
6019,10.2652,1
6019,10.6256,1
784,0.1232,3
784,0.1111,3
784,0.1163,3
784,0.1172,3
784,0.1132,3
784,0.1163,3
784,0.1227,3
784,0.1171,3
784,0.1148,3
784,0.1212,3
1429,0.2058,3
1429,0.2437,3
1429,0.2084,3
1429,0.202,3
1429,0.2046,3
1429,0.2166,3
1429,0.2128,3
1429,0.2074,3
1429,0.2082,3
1429,0.2003,3
2034,0.3071,3
2034,0.3232,3
2034,0.2815,3
2034,0.292,3
2034,0.2891,3
2034,0.3137,3
2034,0.2805,3
2034,0.2729,3
2034,0.2818,3
2034,0.3171,3
2611,0.4444,3
2611,0.4369,3
2611,0.4227,3
2611,0.4037,3
2611,0.4886,3
2611,0.4267,3
2611,0.4238,3
2611,0.3945,3
2611,0.4417,3
2611,0.4166,3
3178,0.7058,3
3178,0.707,3
3178,0.7199,3
3178,0.7704,3
3178,0.7354,3
3178,0.7383,3
3178,0.7022,3
3178,0.7146,3
3178,0.737,3
3178,0.7245,3
3725,0.4943,3
3725,0.4936,3
3725,0.5141,3
3725,0.5247,3
3725,0.5083,3
3725,0.4812,3
3725,0.5365,3
3725,0.5482,3
3725,0.5028,3
3725,0.5216,3
4227,2.0086,3
4227,2.053,3
4227,1.9532,3
4227,2.0368,3
4227,2.137,3
4227,2.0138,3
4227,2.5694,3
4227,2.056,3
4227,2.1327,3
4227,2.1063,3
4716,3.6959,3
4716,3.7272,3
4716,4.0708,3
4716,3.4986,3
4716,3.9637,3
4716,3.3257,3
4716,3.7519,3
4716,3.6339,3
4716,4.0037,3
4716,3.479,3
5166,1.0651,3
5166,1.084,3
5166,1.0343,3
5166,1.0422,3
5166,1.1271,3
5166,1.0616,3
5166,1.0336,3
5166,1.0733,3
5166,1.0412,3
5166,1.1388,3
5705,8.731,3
5705,8.951,3
5705,8.6986,3
5705,8.8322,3
5705,8.7967,3
5705,8.8194,3
5705,8.5563,3
5705,9.0112,3
5705,8.9809,3
5705,9.1124,3
6247,12.7335,3
6247,12.0188,3
6247,12.0002,3
6247,11.9843,3
6247,11.8579,3
6247,12.0213,3
6247,12.1053,3
6247,11.7725,3
6247,11.5887,3
6247,11.4774,3
6739,12.8481,3
6739,13.0768,3
6739,12.4742,3
6739,12.7742,3
6739,12.9844,3
6739,12.7796,3
6739,12.8943,3
6739,12.9279,3
6739,13.2565,3
6739,12.7032,3
7206,8.1963,3
7206,8.0975,3
7206,8.26,3
7206,8.0394,3
7206,8.3807,3
7206,8.1873,3
7206,8.2594,3
7206,8.0475,3
7206,8.1104,3
7206,8.4921,3
7684,6.9427,3
7684,6.9823,3
7684,6.9315,3
7684,6.9281,3
7684,6.9087,3
7684,6.9265,3
7684,6.8935,3
7684,6.8612,3
7684,6.9956,3
7684,6.9261,3
8197,7.2732,3
8197,7.2126,3
8197,7.2861,3
8197,7.256,3
8197,7.3958,3
8197,7.2713,3
8197,7.2635,3
8197,7.161,3
8197,7.273,3
8197,7.2678,3
8635,11.8204,3
8635,12.399,3
8635,11.7793,3
8635,12.2834,3
8635,12.0694,3
8635,12.2136,3
8635,11.8137,3
8635,11.8311,3
8635,11.8485,3
8635,12.1246,3
9028,14.4951,3
9028,14.8196,3
9028,14.1406,3
9028,13.9313,3
9028,14.4757,3
9028,14.0638,3
9028,14.1705,3
9028,14.3161,3
9028,14.0311,3
9028,13.9718,3
9497,9.298,3
9497,9.3619,3
9497,9.3455,3
9497,9.531,3
9497,9.2245,3
9497,9.4583,3
9497,9.3218,3
9497,9.3408,3
9497,9.3481,3
9497,9.2373,3
9920,8.3657,3
9920,8.3153,3
9920,8.2619,3
9920,8.6188,3
9920,8.6167,3
9920,5.3223,3
9920,8.3352,3
9920,8.3389,3
9920,8.3582,3
9920,8.3536,3
10377,10.4839,3
10377,10.3296,3
10377,10.5851,3
10377,10.2427,3
10377,10.462,3
10377,10.4947,3
10377,10.4615,3
10377,10.5617,3
10377,10.6428,3
10377,10.4775,3
31856,47.4021,3
31856,45.696,3
31856,46.1226,3
31856,47.292,3
31856,44.888,3
31856,48.1905,3
31856,46.2175,3
31856,47.7102,3
31856,45.7785,3
31856,45.7276,3
32126,9.3022,3
32126,9.5255,3
32126,9.5455,3
32126,9.8306,3
32126,9.5901,3
32126,9.5726,3
32126,9.6228,3
32126,9.6655,3
32126,9.5527,3
32126,9.7274,3
32487,10.3626,3
32487,10.687,3
32487,10.4707,3
32487,10.5484,3
32487,10.5088,3
32487,10.5067,3
32487,10.3336,3
32487,10.4083,3
32487,7.0572,3
32487,10.5033,3
32805,18.8008,3
32805,18.6185,3
32805,18.7047,3
32805,18.9714,3
32805,18.4929,3
32805,18.8627,3
32805,18.5126,3
32805,15.6819,3
32805,18.5994,3
32805,18.5187,3
33151,10.492,3
33151,10.5411,3
33151,10.6933,3
33151,10.6757,3
33151,10.4505,3
33151,10.5013,3
33151,10.4918,3
33151,10.4743,3
33151,10.4379,3
33151,10.6812,3
33475,49.6975,3
33475,50.9933,3
33475,46.9842,3
33475,48.5846,3
33475,48.1158,3
33475,48.2455,3
33475,49.7847,3
33475,48.306,3
33475,48.2538,3
33475,51.0211,3
33795,28.5791,3
33795,28.3028,3
33795,28.8738,3
33795,29.6877,3
33795,27.7903,3
33795,29.0705,3
33795,28.9372,3
33795,28.9857,3
33795,29.0486,3
33795,28.082,3
34109,46.2556,3
34109,45.4781,3
34109,45.793,3
34109,45.6167,3
34109,45.714,3
34109,47.4288,3
34109,45.4155,3
34109,45.1774,3
34109,45.3276,3
34109,45.3535,3
34437,50.3805,3
34437,49.2775,3
34437,48.7381,3
34437,50.3925,3
34437,50.259,3
34437,51.1008,3
34437,48.3191,3
34437,49.5035,3
34437,49.8087,3
34437,49.2217,3
34774,15.2025,3
34774,15.2235,3
34774,15.8928,3
34774,15.2116,3
34774,15.4167,3
34774,15.6945,3
34774,15.2255,3
34774,15.3806,3
34774,15.1858,3
34774,15.0937,3
18362,29.6489,3
18362,28.4721,3
18362,29.6354,3
18362,28.5491,3
18362,29.4918,3
18362,29.9663,3
18362,28.7422,3
18362,29.3204,3
18362,29.0176,3
18362,29.5156,3
18738,19.0754,3
18738,20.1631,3
18738,19.5802,3
18738,19.3938,3
18738,19.3867,3
18738,19.647,3
18738,19.8219,3
18738,19.702,3
18738,20.0601,3
18738,19.5361,3
19138,12.5756,3
19138,12.2947,3
19138,12.5932,3
19138,12.6754,3
19138,12.4693,3
19138,11.6248,3
19138,11.9427,3
19138,12.376,3
19138,12.7833,3
19138,12.6088,3
19538,64.9078,3
19538,63.4908,3
19538,65.5268,3
19538,66.6852,3
19538,67.8999,3
19538,67.5699,3
19538,64.7947,3
19538,67.0969,3
19538,67.9537,3
19538,67.3217,3
19868,47.0323,3
19868,48.2288,3
19868,44.9464,3
19868,45.8976,3
19868,47.182,3
19868,47.4097,3
19868,45.67,3
19868,47.5382,3
19868,45.9994,3
19868,46.5644,3
20231,36.9642,3
20231,36.2377,3
20231,35.7878,3
20231,35.5767,3
20231,37.2318,3
20231,35.8344,3
20231,35.8343,3
20231,36.553,3
20231,35.1771,3
20231,36.1613,3
20600,42.9149,3
20600,44.4928,3
20600,42.3512,3
20600,42.7938,3
20600,42.2156,3
20600,43.5884,3
20600,42.4144,3
20600,42.7606,3
20600,41.5851,3
20600,43.1938,3
20938,66.7754,3
20938,69.6228,3
20938,69.9333,3
20938,67.0371,3
20938,70.2971,3
20938,66.9681,3
20938,72.1425,3
20938,69.3593,3
20938,72.1044,3
20938,71.7171,3
21278,21.7238,3
21278,21.5291,3
21278,21.1273,3
21278,22.3353,3
21278,21.7033,3
21278,21.9279,3
21278,22.0236,3
21278,21.5816,3
21278,22.697,3
21278,21.5391,3
21608,52.8022,3
21608,53.6284,3
21608,53.5011,3
21608,55.3003,3
21608,52.6698,3
21608,52.9829,3
21608,54.2401,3
21608,53.8561,3
21608,52.5075,3
21608,53.2196,3
21937,16.6231,3
21937,17.2014,3
21937,16.596,3
21937,16.9164,3
21937,16.987,3
21937,16.6787,3
21937,16.5342,3
21937,17.0867,3
21937,17.0825,3
21937,16.9405,3
22284,45.0452,3
22284,44.1408,3
22284,45.9932,3
22284,46.9622,3
22284,45.4808,3
22284,45.9186,3
22284,45.3839,3
22284,46.1655,3
22284,45.5653,3
22284,46.6535,3
22632,46.2726,3
22632,46.9555,3
22632,48.6575,3
22632,46.5512,3
22632,45.5468,3
22632,46.7106,3
22632,46.7324,3
22632,48.5381,3
22632,45.6022,3
22632,47.4418,3
22980,36.3605,3
22980,35.476,3
22980,35.6121,3
22980,35.8849,3
22980,35.0536,3
22980,35.215,3
22980,36.6,3
22980,36.1708,3
22980,34.7841,3
22980,35.9992,3
23350,15.9221,3
23350,16.0414,3
23350,15.3723,3
23350,15.3478,3
23350,15.6326,3
23350,15.5662,3
23350,15.4653,3
23350,15.8009,3
23350,15.8521,3
23350,14.8298,3
23673,23.4332,3
23673,23.3272,3
23673,24.1008,3
23673,23.3195,3
23673,23.9208,3
23673,24.4728,3
23673,24.2609,3
23673,23.8271,3
23673,24.3482,3
23673,23.4874,3
24036,82.8808,3
24036,81.2277,3
24036,82.2907,3
24036,83.2371,3
24036,82.6255,3
24036,81.6642,3
24036,80.8365,3
24036,85.1141,3
24036,83.1209,3
24036,83.2361,3
24358,59.7271,3
24358,59.2477,3
24358,59.6897,3
24358,61.0788,3
24358,56.9299,3
24358,59.0204,3
24358,55.5972,3
24358,59.2954,3
24358,57.2147,3
24358,59.0317,3
24694,58.6917,3
24694,57.1354,3
24694,58.4265,3
24694,59.7233,3
24694,61.1278,3
24694,57.6122,3
24694,61.71,3
24694,58.8333,3
24694,61.5026,3
24694,58.9595,3
24999,28.0744,3
24999,27.5844,3
24999,27.4107,3
24999,28.529,3
24999,27.4179,3
24999,27.9603,3
24999,27.9939,3
24999,28.2692,3
24999,28.8839,3
24999,28.7675,3
25273,15.5608,3
25273,15.4907,3
25273,15.4607,3
25273,14.9627,3
25273,15.2048,3
25273,15.4954,3
25273,15.737,3
25273,14.9333,3
25273,15.5832,3
25273,15.8034,3
25568,33.4638,3
25568,31.642,3
25568,31.8882,3
25568,33.0705,3
25568,32.6876,3
25568,32.8433,3
25568,32.6257,3
25568,32.4738,3
25568,32.7261,3
25568,31.9139,3
25903,38.8123,3
25903,37.0601,3
25903,36.114,3
25903,36.3208,3
25903,37.611,3
25903,37.364,3
25903,38.3594,3
25903,37.2491,3
25903,39.1518,3
25903,37.4906,3
26182,15.9932,3
26182,16.6432,3
26182,15.8869,3
26182,16.1561,3
26182,15.8376,3
26182,16.3705,3
26182,16.2238,3
26182,15.8955,3
26182,15.725,3
26182,16.1192,3
26522,10.5329,3
26522,10.4767,3
26522,10.402,3
26522,10.5525,3
26522,10.6174,3
26522,10.5098,3
26522,10.4805,3
26522,10.5112,3
26522,10.7059,3
26522,10.5998,3
26839,31.5514,3
26839,31.4097,3
26839,31.1074,3
26839,31.931,3
26839,31.4759,3
26839,31.3098,3
26839,31.096,3
26839,31.2117,3
26839,30.9659,3
26839,32.1287,3
27182,36.983,3
27182,35.2578,3
27182,35.9206,3
27182,35.2054,3
27182,36.1833,3
27182,35.7401,3
27182,35.6772,3
27182,36.5174,3
27182,35.0084,3
27182,35.8888,3
27494,16.6067,3
27494,16.396,3
27494,16.6047,3
27494,16.4409,3
27494,16.6095,3
27494,16.6974,3
27494,16.6744,3
27494,16.9943,3
27494,16.7352,3
27494,16.3564,3
27861,24.031,3
27861,24.6015,3
27861,24.238,3
27861,23.9397,3
27861,24.4753,3
27861,23.9704,3
27861,23.8395,3
27861,24.5343,3
27861,24.5306,3
27861,23.9108,3
28169,16.4124,3
28169,17.0604,3
28169,16.7519,3
28169,16.6318,3
28169,16.8221,3
28169,16.9862,3
28169,16.6595,3
28169,16.5932,3
28169,16.4855,3
28169,16.8175,3
28475,19.2827,3
28475,18.9833,3
28475,19.1038,3
28475,19.1775,3
28475,19.2128,3
28475,19.5549,3
28475,18.7421,3
28475,19.2441,3
28475,19.0503,3
28475,19.0394,3
28851,22.0233,3
28851,21.3981,3
28851,21.8827,3
28851,21.5272,3
28851,21.7701,3
28851,21.4039,3
28851,22.1116,3
28851,22.219,3
28851,21.2121,3
28851,21.9713,3
29177,22.5,3
29177,21.6739,3
29177,21.5774,3
29177,22.1153,3
29177,22.5192,3
29177,21.7174,3
29177,22.312,3
29177,22.2462,3
29177,22.4796,3
29177,21.8365,3
29561,23.4922,3
29561,23.3281,3
29561,22.4124,3
29561,22.8619,3
29561,22.307,3
29561,22.7865,3
29561,23.0265,3
29561,22.726,3
29561,22.4621,3
29561,22.7595,3
29862,9.211,3
29862,9.1454,3
29862,9.3159,3
29862,9.3748,3
29862,9.3624,3
29862,9.3142,3
29862,9.3875,3
29862,9.3506,3
29862,9.3019,3
29862,9.3166,3
30171,22.2347,3
30171,21.7871,3
30171,22.1363,3
30171,22.1954,3
30171,22.9339,3
30171,21.9689,3
30171,22.8821,3
30171,22.4018,3
30171,22.5729,3
30171,23.1243,3
30533,11.2106,3
30533,11.1656,3
30533,11.052,3
30533,11.249,3
30533,11.4377,3
30533,11.3197,3
30533,11.3572,3
30533,11.268,3
30533,11.1012,3
30533,11.1034,3
30874,42.0543,3
30874,40.7984,3
30874,41.1999,3
30874,39.4327,3
30874,40.3284,3
30874,39.9006,3
30874,40.233,3
30874,39.602,3
30874,39.3833,3
30874,40.8367,3
31261,17.9286,3
31261,17.9086,3
31261,17.9257,3
31261,18.2829,3
31261,17.8656,3
31261,17.8816,3
31261,18.4205,3
31261,18.2464,3
31261,18.6282,3
31261,17.913,3
31534,20.5619,3
31534,20.65,3
31534,20.7244,3
31534,20.3158,3
31534,20.877,3
31534,20.4347,3
31534,20.5913,3
31534,19.9295,3
31534,20.8978,3
31534,20.951,3
10805,19.9337,3
10805,18.5748,3
10805,20.2078,3
10805,19.3098,3
10805,19.8391,3
10805,20.0169,3
10805,20.8432,3
10805,24.2471,3
10805,21.629,3
10805,22.7003,3
11224,9.4769,3
11224,9.3287,3
11224,8.9964,3
11224,9.1886,3
11224,9.0076,3
11224,9.3836,3
11224,9.3609,3
11224,9.0689,3
11224,9.7411,3
11224,9.5005,3
11631,20.2328,3
11631,19.424,3
11631,18.3001,3
11631,18.9776,3
11631,18.8571,3
11631,18.5768,3
11631,19.1693,3
11631,19.6354,3
11631,19.1518,3
11631,18.5111,3
11945,19.1481,3
11945,19.2729,3
11945,20.1101,3
11945,19.2797,3
11945,19.2527,3
11945,19.7094,3
11945,19.2715,3
11945,19.2007,3
11945,19.9526,3
11945,19.7198,3
12386,8.3174,3
12386,8.2084,3
12386,8.2991,3
12386,8.2242,3
12386,8.289,3
12386,8.2724,3
12386,8.28,3
12386,8.3396,3
12386,8.2865,3
12386,8.3739,3
12783,10.4302,3
12783,10.5833,3
12783,10.4733,3
12783,10.5028,3
12783,10.4044,3
12783,10.4572,3
12783,10.3599,3
12783,10.4033,3
12783,10.4202,3
12783,10.5101,3
13231,8.854,3
13231,8.7703,3
13231,8.8306,3
13231,8.9208,3
13231,8.9696,3
13231,8.9432,3
13231,8.8816,3
13231,8.9094,3
13231,8.8901,3
13231,8.8607,3
13634,23.9259,3
13634,23.6318,3
13634,23.9738,3
13634,23.5358,3
13634,23.6227,3
13634,24.1389,3
13634,23.5355,3
13634,23.4259,3
13634,22.8171,3
13634,23.5392,3
14028,21.9023,3
14028,21.9303,3
14028,22.2663,3
14028,21.7356,3
14028,22.264,3
14028,21.9362,3
14028,21.9822,3
14028,21.3178,3
14028,22.3384,3
14028,21.4264,3
14451,12.9505,3
14451,13.1549,3
14451,13.0001,3
14451,12.9564,3
14451,12.7358,3
14451,13.1332,3
14451,13.0207,3
14451,12.9698,3
14451,12.8788,3
14451,13.0629,3
14906,26.6913,3
14906,26.2607,3
14906,26.8176,3
14906,26.5427,3
14906,27.3634,3
14906,26.406,3
14906,31.3739,3
14906,38.1591,3
14906,30.6889,3
14906,26.6867,3
15159,25.8579,3
15159,26.597,3
15159,25.9753,3
15159,25.1837,3
15159,26.6894,3
15159,25.4085,3
15159,25.4091,3
15159,25.7989,3
15159,25.4524,3
15159,26.2422,3
15551,13.3356,3
15551,13.2169,3
15551,13.4649,3
15551,13.1938,3
15551,13.4775,3
15551,13.5487,3
15551,13.5418,3
15551,13.1599,3
15551,13.1026,3
15551,13.6399,3
15902,19.8921,3
15902,20.5535,3
15902,18.4813,3
15902,19.2113,3
15902,18.5133,3
15902,18.6201,3
15902,18.9147,3
15902,18.4538,3
15902,19.1556,3
15902,18.436,3
16219,15.571,3
16219,15.411,3
16219,15.0172,3
16219,15.1914,3
16219,17.0513,3
16219,17.537,3
16219,15.9717,3
16219,15.3108,3
16219,15.7669,3
16219,15.3206,3
16595,9.5116,3
16595,9.6012,3
16595,9.5901,3
16595,9.6235,3
16595,9.6528,3
16595,9.576,3
16595,9.6492,3
16595,9.6329,3
16595,9.5605,3
16595,9.6582,3
16930,10.5241,3
16930,10.6411,3
16930,10.5752,3
16930,10.4928,3
16930,10.7236,3
16930,10.5136,3
16930,10.5841,3
16930,10.645,3
16930,10.5319,3
16930,10.612,3
17318,11.9314,3
17318,11.803,3
17318,11.6594,3
17318,11.7446,3
17318,11.5699,3
17318,11.6478,3
17318,11.6146,3
17318,11.6874,3
17318,11.6736,3
17318,11.7545,3
17734,18.1301,3
17734,17.6676,3
17734,18.0907,3
17734,17.5344,3
17734,17.8843,3
17734,18.1378,3
17734,18.0345,3
17734,18.3531,3
17734,17.7997,3
17734,17.7199,3
18033,31.3281,3
18033,31.1054,3
18033,30.7415,3
18033,29.7605,3
18033,31.6911,3
18033,31.9657,3
18033,31.9699,3
18033,31.1948,3
18033,33.9519,3
18033,30.8524,3
35095,11.8611,3
35095,11.6927,3
35095,11.7171,3
35095,11.854,3
35095,11.7834,3
35095,11.5215,3
35095,11.6072,3
35095,11.9776,3
35095,11.4776,3
35095,11.4311,3
35381,37.6314,3
35381,38.775,3
35381,37.2266,3
35381,38.3906,3
35381,38.616,3
35381,39.1085,3
35381,37.3504,3
35381,37.1828,3
35381,37.2911,3
35381,38.1589,3
35644,33.636,3
35644,33.923,3
35644,34.8253,3
35644,31.8659,3
35644,34.2058,3
35644,33.7145,3
35644,34.574,3
35644,34.3928,3
35644,33.2196,3
35644,33.6879,3
35957,45.3624,3
35957,45.1708,3
35957,44.5774,3
35957,44.7965,3
35957,45.9338,3
35957,45.2865,3
35957,45.0717,3
35957,44.7718,3
35957,44.8782,3
35957,45.4252,3
36294,12.4019,3
36294,12.6125,3
36294,12.4265,3
36294,12.1572,3
36294,12.1208,3
36294,12.4923,3
36294,12.3061,3
36294,12.1969,3
36294,12.2722,3
36294,12.0219,3
36607,51.27,3
36607,53.5839,3
36607,50.8888,3
36607,51.1052,3
36607,52.3419,3
36607,51.5268,3
36607,51.1624,3
36607,51.2826,3
36607,51.0372,3
36607,51.8184,3
36918,53.2545,3
36918,52.876,3
36918,52.773,3
36918,53.2389,3
36918,52.6183,3
36918,53.6102,3
36918,53.6422,3
36918,52.4272,3
36918,52.9237,3
36918,53.5454,3
37277,35.6849,3
37277,35.3024,3
37277,35.7228,3
37277,36.2648,3
37277,35.6187,3
37277,36.4921,3
37277,34.5878,3
37277,35.4879,3
37277,34.802,3
37277,34.8027,3
37627,9.9442,3
37627,6.859,3
37627,10.1964,3
37627,10.2494,3
37627,9.9197,3
37627,10.1955,3
37627,9.9556,3
37627,9.9674,3
37627,10.1572,3
37627,9.8247,3
37958,12.2172,3
37958,15.0252,3
37958,12.189,3
37958,12.4913,3
37958,12.5272,3
37958,12.5116,3
37958,9.4646,3
37958,9.2188,3
37958,15.3594,3
37958,15.3839,3
