Edges,RuntimeInSeconds
18258,39.6857
18258,39.4218
18258,38.4192
18258,38.1814
18258,37.7956
18258,38.3425
18258,39.2231
18258,39.7357
18258,39.3727
18258,40.0595
18658,22.0959
18658,21.894
18658,22.2987
18658,21.7131
18658,22.2356
18658,21.6182
18658,21.7596
18658,21.2862
18658,22.9601
18658,22.8559
18959,9.9494
18959,9.8135
18959,10.0262
18959,9.9059
18959,10.0121
18959,10.2375
18959,9.9902
18959,10.1261
18959,9.9162
18959,10.0296
19077,55.8037
19077,52.1552
19077,52.7439
19077,53.4756
19077,54.428
19077,52.5727
19077,52.3609
19077,54.75
19077,50.633
19077,53.8124
19825,20.4978
19825,19.9927
19825,19.6817
19825,20.4196
19825,19.7392
19825,20.5235
19825,20.1344
19825,20.0694
19825,19.9045
19825,19.9956
19526,53.6725
19526,54.9095
19526,54.4886
19526,53.1372
19526,53.86
19526,52.8093
19526,51.5837
19526,54.1159
19526,52.7588
19526,52.3006
20095,9.2796
20095,9.2541
20095,9.184
20095,6.2209
20095,6.1912
20095,9.3467
20095,9.1504
20095,9.2548
20095,9.2726
20095,9.2386
20438,21.115
20438,21.0195
20438,20.5411
20438,20.3334
20438,20.6177
20438,20.3273
20438,20.3644
20438,20.0571
20438,20.6194
20438,20.9247
20677,17.9633
20677,17.0552
20677,17.0771
20677,17.1545
20677,17.8885
20677,17.5188
20677,17.6193
20677,17.4073
20677,17.2285
20677,17.2146
21140,14.0501
21140,13.7354
21140,12.9629
21140,13.4866
21140,13.0758
21140,13.632
21140,10.3802
21140,12.8824
21140,13.1051
21140,12.8198
21218,23.3769
21218,23.4639
21218,23.7365
21218,23.0365
21218,23.5929
21218,24.2531
21218,23.2464
21218,22.923
21218,23.4061
21218,23.5274
21576,15.7422
21576,15.5113
21576,15.9454
21576,15.6924
21576,15.6318
21576,15.6724
21576,15.9817
21576,15.4956
21576,15.6745
21576,15.7202
21791,22.388
21791,21.0755
21791,21.0013
21791,21.6098
21791,21.9721
21791,21.8856
21791,21.6663
21791,21.9312
21791,22.0608
21791,22.5811
22060,25.0292
22060,25.3104
22060,25.1336
22060,24.6874
22060,24.5468
22060,25.1988
22060,25.2433
22060,26.3097
22060,24.4246
22060,25.28
22401,16.7363
22401,16.6645
22401,16.3801
22401,16.4637
22401,16.8317
22401,16.4348
22401,16.3119
22401,16.2467
22401,16.052
22401,16.238
22798,19.4691
22798,19.449
22798,19.1033
22798,18.9993
22798,18.7783
22798,19.124
22798,18.6057
22798,19.2569
22798,18.5345
22798,16.0932
23169,53.3334
23169,55.1354
23169,55.0655
23169,54.0458
23169,55.2719
23169,56.269
23169,54.3915
23169,53.9605
23169,57.0975
23169,54.4113
23325,30.5667
23325,30.2034
23325,30.1457
23325,30.4291
23325,30.8846
23325,29.8618
23325,29.8998
23325,30.7657
23325,29.4448
23325,30.7785
23737,14.6454
23737,14.7157
23737,15.0291
23737,14.4281
23737,14.5794
23737,14.9949
23737,14.6296
23737,14.6789
23737,14.3487
23737,14.4146
23898,57.3208
23898,53.434
23898,55.2084
23898,56.1265
23898,56.0188
23898,58.6701
23898,58.0601
23898,55.6759
23898,57.5877
23898,57.8499
12245,23.8352
12245,24.1656
12245,23.5459
12245,24.5438
12245,24.1641
12245,24.7771
12245,24.7918
12245,24.1883
12245,24.1027
12245,24.6002
12654,39.0088
12654,39.9207
12654,39.7547
12654,39.5111
12654,39.5789
12654,39.5023
12654,39.7456
12654,39.8692
12654,39.7188
12654,38.9379
12852,8.0962
12852,8.0191
12852,5.001
12852,8.0298
12852,8.0383
12852,8.0374
12852,8.0275
12852,8.1435
12852,8.155
12852,5.0821
13533,21.3644
13533,20.9475
13533,21.2201
13533,20.6337
13533,21.222
13533,20.762
13533,21.0622
13533,20.5996
13533,20.8561
13533,20.8929
13396,33.6924
13396,34.0932
13396,33.8106
13396,33.7226
13396,33.2485
13396,33.5064
13396,34.078
13396,34.3021
13396,34.4126
13396,34.2562
13823,35.2812
13823,34.8086
13823,35.6002
13823,34.9816
13823,35.6429
13823,34.7744
13823,34.8853
13823,35.8803
13823,34.7417
13823,36.1109
14031,31.0939
14031,30.3822
14031,29.9341
14031,31.0688
14031,31.1816
14031,30.7933
14031,30.0189
14031,29.7685
14031,30.2624
14031,30.79
14585,14.0313
14585,13.5579
14585,13.608
14585,13.5812
14585,14.0185
14585,14.1853
14585,14.15
14585,14.0794
14585,13.801
14585,13.8419
14817,11.2121
14817,11.1606
14817,11.2196
14817,11.138
14817,10.9242
14817,11.3963
14817,11.2922
14817,11.5454
14817,10.9588
14817,11.1763
15074,9.0359
15074,8.9152
15074,8.9556
15074,8.9341
15074,6.029
15074,8.8021
15074,5.8121
15074,8.8873
15074,8.997
15074,5.909
15325,8.1429
15325,5.3698
15325,8.301
15325,8.4716
15325,8.4719
15325,8.4114
15325,8.3153
15325,5.3115
15325,5.3193
15325,8.1675
15590,24.3897
15590,24.6209
15590,25.5629
15590,24.3386
15590,24.3244
15590,24.2086
15590,25.0096
15590,24.2849
15590,24.4772
15590,24.9334
15946,16.4764
15946,17.1478
15946,16.6971
15946,16.5228
15946,16.7177
15946,16.7377
15946,16.4432
15946,16.2555
15946,16.9032
15946,16.4701
16054,38.2789
16054,38.1189
16054,38.5849
16054,38.4831
16054,37.975
16054,38.2584
16054,38.6097
16054,36.8155
16054,38.2779
16054,38.4123
16673,41.1834
16673,40.7208
16673,41.9039
16673,40.9489
16673,42.2308
16673,41.3207
16673,41.9514
16673,41.3519
16673,41.6651
16673,41.4223
16890,47.2912
16890,48.2578
16890,49.3576
16890,46.1801
16890,48.8642
16890,48.2525
16890,48.4106
16890,47.9211
16890,47.9074
16890,48.1501
17064,8.9399
17064,8.903
17064,5.8882
17064,9.0872
17064,8.7834
17064,8.7401
17064,8.8661
17064,8.7574
17064,8.8315
17064,8.7003
17177,36.3702
17177,37.221
17177,37.0096
17177,37.2416
17177,37.2008
17177,35.7491
17177,33.5634
17177,35.8965
17177,36.8699
17177,35.8834
17929,25.5025
17929,25.6857
17929,25.2884
17929,26.0937
17929,25.6677
17929,25.6523
17929,25.3813
17929,24.7976
17929,25.3898
17929,25.7025
18140,38.5
18140,38.2733
18140,38.2671
18140,38.6642
18140,38.4087
18140,38.4792
18140,38.0364
18140,38.4843
18140,37.7781
18140,37.8209
6259,6.9252
6259,6.8625
6259,6.8731
6259,6.8186
6259,6.9507
6259,6.785
6259,6.8711
6259,6.9723
6259,6.9402
6259,6.9753
6567,11.3495
6567,11.4654
6567,11.5323
6567,11.3088
6567,8.857
6567,11.8176
6567,11.2295
6567,11.544
6567,11.516
6567,11.3681
6813,8.0186
6813,7.8716
6813,7.9752
6813,4.958
6813,7.8735
6813,7.8816
6813,4.9701
6813,8.0499
6813,8.0246
6813,7.9721
7210,9.7755
7210,9.8165
7210,9.8255
7210,9.8301
7210,9.8167
7210,10.0127
7210,9.78
7210,10.024
7210,9.9296
7210,9.7731
7366,18.4396
7366,18.9028
7366,18.6995
7366,17.7741
7366,18.4456
7366,18.5381
7366,18.7593
7366,18.3166
7366,17.9783
7366,18.6821
7561,11.9152
7561,11.8235
7561,11.5452
7561,11.6476
7561,12.1118
7561,12.0595
7561,11.9596
7561,11.8311
7561,11.842
7561,11.8465
8094,9.5016
8094,9.567
8094,9.5926
8094,9.2985
8094,9.456
8094,9.5725
8094,9.5051
8094,9.4428
8094,9.4103
8094,9.5959
8584,22.1822
8584,22.3885
8584,21.6821
8584,21.6213
8584,20.9317
8584,22.0419
8584,22.2289
8584,21.6016
8584,21.181
8584,21.7413
8730,11.7235
8730,11.7771
8730,11.8415
8730,11.4624
8730,11.8016
8730,11.7035
8730,11.5445
8730,11.7434
8730,11.5884
8730,11.7086
8895,8.4207
8895,8.2753
8895,5.2986
8895,8.2522
8895,8.307
8895,5.285
8895,8.259
8895,8.2357
8895,8.2512
8895,8.3773
9236,12.8622
9236,12.9661
9236,12.8882
9236,12.7769
9236,13.0977
9236,12.8494
9236,12.9647
9236,13.1134
9236,12.9653
9236,13.1031
9509,22.5422
9509,22.5522
9509,22.7029
9509,22.3637
9509,22.1257
9509,22.5708
9509,22.0107
9509,22.0959
9509,22.1524
9509,21.6646
9901,7.5689
9901,7.5632
9901,4.5991
9901,4.6036
9901,7.542
9901,4.5211
9901,4.5003
9901,7.5663
9901,4.5974
9901,4.5963
10042,11.4398
10042,11.3537
10042,10.9188
10042,8.0467
10042,11.0398
10042,8.1042
10042,11.2566
10042,8.1737
10042,11.401
10042,11.1257
10412,9.2572
10412,9.4076
10412,9.4225
10412,9.3318
10412,9.5615
10412,9.4855
10412,9.4439
10412,6.3652
10412,9.4906
10412,9.3542
10781,23.0067
10781,22.9544
10781,22.8216
10781,23.7939
10781,23.3997
10781,23.24
10781,22.5708
10781,22.9369
10781,23.2483
10781,22.9955
10916,24.4245
10916,24.0387
10916,24.3093
10916,24.4075
10916,24.2012
10916,24.2202
10916,24.625
10916,24.4785
10916,24.6513
10916,24.2871
11370,20.0137
11370,20.2419
11370,20.3709
11370,19.6318
11370,19.9082
11370,19.9
11370,20.0594
11370,19.9324
11370,19.4733
11370,19.8876
11686,9.8144
11686,9.9936
11686,9.9315
11686,9.8548
11686,9.8042
11686,10.023
11686,9.9405
11686,9.939
11686,9.9289
11686,9.8619
11949,10.0343
11949,9.8692
11949,9.9954
11949,9.7413
11949,9.9038
11949,10.0325
11949,10.055
11949,6.8522
11949,9.8371
11949,9.95
29117,40.9174
29117,33.2384
29117,40.0437
29117,39.6988
29117,37.9965
29117,36.4609
29117,30.3355
29117,31.2233
29117,38.1826
29117,40.1902
29268,52.3391
29268,51.5754
29268,53.8286
29268,54.6233
29268,47.2374
29268,61.4582
29268,60.7787
29268,56.3993
29268,50.0283
29268,59.456
29193,70.3497
29193,67.4822
29193,68.4426
29193,65.5231
29193,64.9544
29193,61.2437
29193,67.9384
29193,71.3866
29193,65.8993
29193,73.9088
29644,80.9307
29644,79.9646
29644,86.8027
29644,83.0614
29644,87.3021
29644,87.2023
29644,79.8417
29644,82.7292
29644,91.9401
29644,84.8737
30435,85.8076
30435,84.8178
30435,86.604
30435,88.4636
30435,85.9168
30435,83.9688
30435,83.8626
30435,87.565
30435,87.6795
30435,88.3806
24292,42.2603
24292,40.0361
24292,41.6978
24292,41.4848
24292,40.795
24292,42.2179
24292,41.5338
24292,44.2084
24292,43.6891
24292,43.4298
24560,11.5124
24560,11.2517
24560,11.4531
24560,11.5021
24560,11.5506
24560,11.7061
24560,11.5424
24560,11.5421
24560,11.6952
24560,11.5038
24943,71.9311
24943,70.1312
24943,70.6964
24943,67.309
24943,69.4
24943,67.0175
24943,70.0568
24943,69.9226
24943,70.991
24943,70.6438
25386,59.3584
25386,60.2223
25386,59.1186
25386,60.3085
25386,61.4049
25386,60.462
25386,59.6109
25386,58.285
25386,58.7857
25386,57.7054
25831,68.0545
25831,68.3156
25831,68.2898
25831,67.6409
25831,71.1134
25831,66.9165
25831,67.7972
25831,67.5684
25831,68.3619
25831,68.2196
25912,27.1864
25912,28.1811
25912,27.1907
25912,27.8851
25912,28.3067
25912,28.5178
25912,27.9893
25912,27.2988
25912,27.0218
25912,27.9006
26266,32.1594
26266,33.2816
26266,33.5831
26266,32.6345
26266,32.8394
26266,32.4335
26266,32.5209
26266,32.725
26266,32.2983
26266,32.8403
26250,28.4059
26250,28.5628
26250,29.0121
26250,29.4964
26250,28.6822
26250,28.6289
26250,28.2741
26250,28.9103
26250,29.2508
26250,28.9235
26663,15.1832
26663,16.1385
26663,15.0088
26663,15.8015
26663,16.0032
26663,15.6318
26663,15.2586
26663,16.2367
26663,15.4913
26663,15.3634
26880,10.4311
26880,7.3846
26880,10.1811
26880,7.2332
26880,10.5806
26880,10.371
26880,10.4723
26880,10.3298
26880,10.4159
26880,10.3613
277,0.2219
277,0.2
277,0.2197
277,0.2083
277,0.175
277,0.2394
277,0.185
277,0.1941
277,0.2251
277,0.2236
544,0.31
544,0.2801
544,0.2894
544,0.2691
544,0.2884
544,0.3194
544,0.2956
544,0.288
544,0.2802
544,0.2885
883,0.559
883,0.6624
883,0.4972
883,0.575
883,0.6137
883,0.6128
883,0.5599
883,0.5849
883,0.5725
883,0.5783
1181,0.5344
1181,0.508
1181,0.5175
1181,0.6261
1181,0.5765
1181,0.4789
1181,0.5156
1181,0.4832
1181,0.49
1181,0.5025
1497,0.2173
1497,0.2101
1497,0.202
1497,0.213
1497,0.2327
1497,0.2086
1497,0.2151
1497,0.2197
1497,0.2168
1497,0.2071
1726,1.1157
1726,1.1921
1726,1.2568
1726,1.1823
1726,1.2176
1726,1.2535
1726,1.1161
1726,1.2397
1726,1.0868
1726,1.2776
2008,1.4626
2008,1.4998
2008,1.556
2008,1.4908
2008,1.5335
2008,1.6051
2008,1.4823
2008,1.3821
2008,1.5705
2008,1.521
2444,0.4215
2444,0.4317
2444,0.4184
2444,0.4323
2444,0.4925
2444,0.4721
2444,0.4361
2444,0.4653
2444,0.4525
2444,0.4269
2658,0.3256
2658,0.3495
2658,0.3384
2658,0.3188
2658,0.3268
2658,0.3327
2658,0.3336
2658,0.3033
2658,0.3273
2658,0.3329
2876,6.4429
2876,6.4774
2876,6.4474
2876,6.4217
2876,6.4851
2876,6.551
2876,6.4482
2876,6.4297
2876,6.4733
2876,6.4982
3343,7.5259
3343,7.4638
3343,7.502
3343,7.5976
3343,7.5039
3343,7.4249
3343,7.4106
3343,7.5732
3343,7.65
3343,7.5555
3575,7.2861
3575,7.1457
3575,7.1838
3575,7.2243
3575,7.1961
3575,7.343
3575,7.1943
3575,7.2552
3575,7.23
3575,7.2415
3854,9.9516
3854,10.0901
3854,10.2585
3854,10.1148
3854,10.0804
3854,9.9943
3854,10.1472
3854,10.1208
3854,10.1373
3854,9.894
4119,13.5881
4119,13.2416
4119,13.6502
4119,13.4274
4119,13.5592
4119,14.018
4119,13.9013
4119,13.7304
4119,13.7431
4119,13.8643
4456,9.2348
4456,9.1982
4456,9.196
4456,9.1422
4456,9.3594
4456,9.3258
4456,9.3579
4456,9.2536
4456,9.2021
4456,9.2158
4822,10.8795
4822,10.6137
4822,10.8918
4822,10.989
4822,11.0122
4822,10.7933
4822,10.8308
4822,10.919
4822,10.7944
4822,10.8692
4997,7.7602
4997,7.7089
4997,7.7027
4997,7.5406
4997,7.6211
4997,7.6665
4997,7.6296
4997,7.7477
4997,7.6216
4997,7.6914
5322,7.2181
5322,4.2212
5322,7.227
5322,7.2241
5322,7.238
5322,7.1991
5322,7.2634
5322,7.2224
5322,7.1824
5322,7.2132
5596,7.1982
5596,7.2698
5596,7.225
5596,7.1727
5596,7.1702
5596,7.1533
5596,7.2294
5596,7.1615
5596,7.2538
5596,7.2699
6019,10.462
6019,10.3504
6019,10.5665
6019,10.5824
6019,10.5118
6019,10.424
6019,10.3518
6019,10.4455
6019,10.2652
6019,10.6256
18196,54.967
18196,53.3861
18196,55.2631
18196,58.8114
18196,52.5862
18196,54.194
18196,56.5666
18196,52.9089
18196,55.7629
18196,58.9619
18396,31.9287
18396,33.4869
18396,29.8398
18396,33.155
18396,33.2946
18396,27.1119
18396,31.8881
18396,31.9488
18396,25.0708
18396,26.4081
18596,31.9749
18596,44.1958
18596,42.6632
18596,36.0971
18596,44.2079
18596,33.1522
18596,41.3804
18596,33.4978
18596,33.9039
18596,30.2341
18796,164.8494
18796,136.4537
18796,186.5425
18796,193.8621
18796,194.8024
18796,189.1036
18796,166.6256
18796,187.7567
18796,157.7231
18796,199.1467
18996,129.4101
18996,134.4791
18996,127.4412
18996,106.8384
18996,131.749
18996,106.5375
18996,127.7906
18996,127.8894
18996,125.9443
18996,108.7473
16196,34.4302
16196,44.0031
16196,55.8394
16196,37.1154
16196,38.7587
16196,37.5606
16196,35.5401
16196,35.8853
16196,35.5806
16196,41.4031
16396,60.4669
16396,62.9611
16396,55.4214
16396,65.9838
16396,64.9015
16396,64.3156
16396,65.5004
16396,53.4171
16396,63.6095
16396,60.7393
16596,17.6629
16596,14.5588
16596,14.8929
16596,14.1331
16596,13.9608
16596,14.4688
16596,14.2612
16596,14.3688
16596,14.5405
16596,13.7878
16796,156.0901
16796,299.1091
16796,223.9461
16796,299.1585
16796,213.8734
16796,270.2926
16796,206.8384
16796,185.2586
16796,158.7404
16796,214.7272
16996,42.3322
16996,39.0744
16996,40.2616
16996,43.0811
16996,37.7803
16996,39.0209
16996,38.7242
16996,43.2221
16996,41.5264
16996,38.7621
17196,45.4593
17196,50.8949
17196,51.2008
17196,50.7686
17196,49.5773
17196,46.6206
17196,51.7141
17196,51.5628
17196,44.1971
17196,54.6885
17396,117.6727
17396,111.3296
17396,120.1961
17396,121.2708
17396,109.1383
17396,102.7261
17396,107.1246
17396,126.0254
17396,111.6342
17396,114.3273
17596,63.513
17596,59.5467
17596,61.7977
17596,62.5569
17596,67.1511
17596,61.8329
17596,59.8206
17596,61.2826
17596,66.2833
17596,69.1986
17796,22.5176
17796,23.1524
17796,22.3379
17796,26.7591
17796,25.1411
17796,24.8149
17796,24.5805
17796,24.3544
17796,28.2814
17796,24.325
17996,26.791
17996,25.5717
17996,28.3146
17996,26.5964
17996,27.5583
17996,23.4099
17996,25.3339
17996,25.5015
17996,26.1199
17996,24.3929
4196,12.5151
4196,11.9962
4196,11.4804
4196,12.6492
4196,11.3058
4196,11.2902
4196,12.5416
4196,12.1526
4196,11.7401
4196,12.9366
4396,32.7467
4396,33.5073
4396,29.7936
4396,33.9733
4396,34.6362
4396,30.6297
4396,29.4648
4396,30.7357
4396,32.0193
4396,32.5154
4596,78.7564
4596,85.8299
4596,88.237
4596,95.339
4596,80.0904
4596,77.6868
4596,100.6216
4596,94.6792
4596,74.3752
4596,70.9326
4796,47.2907
4796,47.5457
4796,48.5633
4796,50.8819
4796,52.7241
4796,51.1607
4796,46.7707
4796,60.8306
4796,52.8724
4796,55.5637
4996,29.8265
4996,29.3315
4996,32.1917
4996,30.3836
4996,31.6797
4996,29.4551
4996,28.5314
4996,30.1137
4996,26.8814
4996,29.026
5196,14.0882
5196,13.8436
5196,14.615
5196,13.7005
5196,14.1143
5196,13.4203
5196,14.5086
5196,14.3674
5196,14.2842
5196,14.0519
5396,77.117
5396,77.4186
5396,78.3285
5396,81.6526
5396,74.1949
5396,74.9236
5396,68.2789
5396,83.1368
5396,80.5262
5396,81.2169
5596,14.2012
5596,12.997
5596,12.454
5596,14.9727
5596,14.048
5596,13.6171
5596,14.4004
5596,14.4745
5596,13.9488
5596,14.7118
5796,11.9795
5796,12.6052
5796,12.7128
5796,11.4816
5796,12.6378
5796,12.2966
5796,12.4371
5796,12.0284
5796,12.8145
5796,11.5362
5996,25.278
5996,25.8411
5996,27.3316
5996,24.3107
5996,26.3171
5996,27.0666
5996,27.5844
5996,28.4369
5996,25.5901
5996,27.5854
6196,17.2511
6196,16.5913
6196,16.6467
6196,17.5459
6196,17.3765
6196,15.8069
6196,17.1196
6196,18.238
6196,14.8291
6196,17.1471
6396,153.4098
6396,122.9386
6396,132.0547
6396,145.6574
6396,191.7595
6396,169.4087
6396,137.5479
6396,187.961
6396,124.0035
6396,138.3948
6596,16.3863
6596,15.285
6596,15.3334
6596,16.6049
6596,14.3279
6596,15.069
6596,15.8716
6596,15.5974
6596,16.1898
6596,16.4724
6796,56.1988
6796,62.8689
6796,49.3788
6796,52.2899
6796,45.5614
6796,51.8124
6796,52.7807
6796,55.8452
6796,57.4549
6796,51.8328
6996,108.6634
6996,102.0138
6996,98.1267
6996,107.0334
6996,111.5654
6996,105.7616
6996,100.4676
6996,112.8542
6996,111.7033
6996,114.4975
7196,82.7614
7196,83.0417
7196,86.7063
7196,73.7842
7196,76.3708
7196,79.335
7196,77.3921
7196,79.3029
7196,80.9604
7196,79.6297
7396,21.4147
7396,22.7593
7396,21.8253
7396,20.6442
7396,22.8219
7396,20.3954
7396,21.5381
7396,20.9639
7396,20.9969
7396,22.8509
7596,13.9897
7596,13.7344
7596,16.1386
7596,15.3945
7596,14.7692
7596,15.5326
7596,13.6185
7596,14.4258
7596,14.7671
7596,15.9793
7796,20.758
7796,20.511
7796,19.8899
7796,21.3689
7796,21.002
7796,19.736
7796,19.9484
7796,20.2588
7796,18.4911
7796,19.8188
7996,23.574
7996,21.9977
7996,21.3442
7996,24.1651
7996,23.5369
7996,22.852
7996,21.3458
7996,22.8675
7996,21.3719
7996,22.1285
4196,8.6933
4196,8.6674
4196,8.9192
4196,8.6022
4196,8.5392
4196,9.1653
4196,8.996
4196,9.0845
4196,9.2577
4196,9.1239
4396,20.6433
4396,20.9867
4396,19.9035
4396,23.2917
4396,20.5463
4396,24.5964
4396,19.6258
4396,21.9361
4396,20.0075
4396,21.5486
4596,51.7835
4596,47.2135
4596,37.0384
4596,52.7363
4596,53.6195
4596,49.616
4596,47.7152
4596,44.6904
4596,40.6409
4596,38.9189
4796,27.4152
4796,27.1731
4796,26.4843
4796,23.8769
4796,29.4886
4796,23.3934
4796,31.5236
4796,25.3424
4796,27.8479
4796,28.6525
4996,18.7142
4996,19.1564
4996,17.9652
4996,19.8931
4996,19.0608
4996,19.9721
4996,18.898
4996,17.8036
4996,17.4864
4996,18.4357
5196,10.2649
5196,10.0666
5196,10.5854
5196,10.5115
5196,10.4966
5196,10.8726
5196,10.3575
5196,10.5655
5196,9.9945
5196,10.3365
5396,41.8504
5396,37.5732
5396,37.567
5396,47.0009
5396,48.0688
5396,43.5327
5396,45.425
5396,38.3313
5396,42.3097
5396,40.7251
5596,10.0921
5596,9.8515
5596,10.0164
5596,10.0241
5596,9.844
5596,9.9691
5596,9.7545
5596,10.3093
5596,10.016
5596,10.1771
5796,8.5515
5796,9.0287
5796,9.3073
5796,8.8253
5796,9.0447
5796,9.0729
5796,9.1525
5796,9.4666
5796,9.1167
5796,9.2604
5996,15.6838
5996,16.1379
5996,16.132
5996,16.0937
5996,16.9893
5996,15.5509
5996,15.6331
5996,16.4559
5996,15.7826
5996,15.9047
6196,11.2692
6196,12.0391
6196,11.5526
6196,11.7758
6196,11.9658
6196,11.7206
6196,11.6593
6196,11.7749
6196,11.5029
6196,11.3539
6396,82.1658
6396,68.9143
6396,100.3262
6396,103.4458
6396,83.382
6396,84.1831
6396,65.2327
6396,87.7975
6396,79.5334
6396,78.8423
6596,10.1968
6596,10.9938
6596,10.2877
6596,10.6967
6596,10.2993
6596,10.8961
6596,10.8464
6596,11.1172
6596,10.6177
6596,10.9427
6796,29.9562
6796,29.2984
6796,33.4159
6796,31.4968
6796,31.8052
6796,31.9084
6796,30.2171
6796,28.2994
6796,32.0811
6796,33.0347
6996,62.8752
6996,59.7451
6996,51.6409
6996,60.1677
6996,55.8645
6996,58.2373
6996,47.1586
6996,63.3113
6996,52.3524
6996,62.7643
7196,47.1802
7196,43.7172
7196,48.1999
7196,48.2463
7196,49.4079
7196,51.4878
7196,46.6922
7196,39.9838
7196,48.1556
7196,45.9275
7396,13.7657
7396,14.2351
7396,14.2891
7396,14.0476
7396,14.0847
7396,14.2913
7396,14.0552
7396,13.9031
7396,13.6646
7396,13.5517
7596,10.4719
7596,9.8636
7596,10.5249
7596,10.1159
7596,9.7517
7596,10.3454
7596,10.3323
7596,10.2496
7596,10.4665
7596,10.0677
7796,13.6829
7796,13.5939
7796,12.779
7796,13.46
7796,13.0349
7796,13.3801
7796,14.18
7796,13.0162
7796,13.6688
7796,13.7617
7996,15.0054
7996,14.1273
7996,15.2484
7996,15.7761
7996,14.8166
7996,14.5633
7996,14.4483
7996,15.7886
7996,16.1848
7996,15.3694
8196,10.9556
8196,10.8903
8196,10.46
8196,10.5364
8196,10.8151
8196,10.306
8196,10.7949
8196,10.5356
8196,10.6347
8196,10.9728
8396,11.2771
8396,11.7176
8396,11.1484
8396,12.0502
8396,11.5307
8396,12.203
8396,11.1434
8396,11.5423
8396,11.7979
8396,11.5836
8596,10.851
8596,11.8111
8596,11.1987
8596,11.5461
8596,11.5697
8596,11.4581
8596,11.3029
8596,12.0939
8596,11.7918
8596,11.6353
8796,9.3053
8796,9.7376
8796,9.5578
8796,9.2445
8796,9.6859
8796,9.4446
8796,9.6829
8796,9.3412
8796,9.7617
8796,9.3973
8996,23.0521
8996,22.8494
8996,25.0165
8996,25.0877
8996,25.2448
8996,24.0631
8996,23.0255
8996,24.0958
8996,23.6037
8996,24.5868
9196,18.3423
9196,17.7702
9196,18.7256
9196,17.9216
9196,18.5857
9196,17.7921
9196,16.2117
9196,18.754
9196,17.8832
9196,18.0558
9396,31.7269
9396,30.0134
9396,31.4783
9396,32.2099
9396,28.4059
9396,30.0018
9396,31.5438
9396,29.0629
9396,29.5745
9396,32.8734
9596,127.1643
9596,108.3604
9596,119.5178
9596,86.6003
9596,96.5248
9596,81.5151
9596,77.5364
9596,117.8441
9596,129.7669
9596,123.5736
9796,37.1346
9796,37.9041
9796,37.4348
9796,36.9947
9796,38.2764
9796,39.6098
9796,39.2408
9796,36.0422
9796,36.8661
9796,35.7829
9996,22.7996
9996,23.4535
9996,23.7058
9996,21.0343
9996,23.5444
9996,22.1812
9996,21.8946
9996,22.5186
9996,22.5594
9996,23.8884
10196,21.5478
10196,22.6885
10196,23.3604
10196,23.0272
10196,23.1468
10196,25.0572
10196,22.9754
10196,21.5644
10196,23.6739
10196,24.4192
10396,9.7089
10396,9.4849
10396,9.5819
10396,9.6724
10396,9.5732
10396,9.4548
10396,9.538
10396,9.7577
10396,9.8247
10396,9.5788
10596,43.2813
10596,43.2851
10596,43.1797
10596,45.2946
10596,48.313
10596,40.8242
10596,43.7967
10596,48.1512
10596,46.4002
10596,44.1803
10796,42.1142
10796,45.4504
10796,44.2704
10796,39.5281
10796,45.213
10796,46.5794
10796,45.1894
10796,44.7193
10796,42.991
10796,39.8192
10996,23.9673
10996,24.303
10996,24.7034
10996,22.1788
10996,23.323
10996,25.2457
10996,25.6741
10996,23.1518
10996,24.5573
10996,25.0966
11196,71.4441
11196,69.4727
11196,66.3596
11196,74.0449
11196,74.4232
11196,64.6847
11196,66.1192
11196,62.0247
11196,67.9067
11196,72.4295
11396,34.4609
11396,38.9521
11396,35.6208
11396,36.9868
11396,33.7382
11396,32.8252
11396,36.3426
11396,38.4378
11396,36.6668
11396,33.9083
11596,12.3914
11596,11.9185
11596,12.7679
11596,12.6913
11596,12.0067
11596,12.0367
11596,12.2829
11596,12.8266
11596,12.7424
11596,11.9904
11796,13.5691
11796,12.4787
11796,13.5381
11796,13.2204
11796,13.2717
11796,12.5415
11796,13.3938
11796,13.0221
11796,13.0734
11796,13.7414
11996,18.7519
11996,19.4922
11996,20.3606
11996,21.2432
11996,19.705
11996,20.1406
11996,18.8518
11996,19.8952
11996,19.397
11996,19.5286
196,0.0629
196,0.0703
196,0.0698
196,0.0624
196,0.0541
196,0.0666
196,0.0474
196,0.0824
196,0.0663
196,0.0581
396,0.077
396,0.0834
396,0.0763
396,0.082
396,0.0778
396,0.0696
396,0.0801
396,0.0795
396,0.0782
396,0.0747
596,1.6274
596,1.1432
596,1.7166
596,1.318
596,1.0628
596,1.1681
596,1.6112
596,1.0875
596,1.4358
596,1.2255
796,0.2453
796,0.2157
796,0.2089
796,0.2207
796,0.2144
796,0.1947
796,0.2259
796,0.2097
796,0.2156
796,0.209
996,1.4905
996,1.2054
996,1.3492
996,1.1219
996,1.3096
996,1.2757
996,1.3332
996,1.2245
996,1.5886
996,1.4208
1196,1.356
1196,1.3175
1196,1.5527
1196,1.7527
1196,1.5707
1196,1.4141
1196,1.6096
1196,1.5195
1196,1.6487
1196,1.7777
1396,1.2233
1396,1.1944
1396,1.138
1396,1.0626
1396,1.2373
1396,1.1207
1396,1.1113
1396,1.1922
1396,1.0663
1396,1.0739
1596,1.825
1596,1.8457
1596,1.6945
1596,1.9176
1596,1.7691
1596,1.6707
1596,1.8518
1596,1.8167
1596,1.5722
1596,1.9512
1796,0.7897
1796,0.8018
1796,0.8674
1796,0.8646
1796,0.9019
1796,0.9557
1796,0.8886
1796,0.8857
1796,0.8749
1796,0.8358
1996,11.2603
1996,11.8436
1996,11.1202
1996,11.6329
1996,11.53
1996,12.035
1996,11.3117
1996,11.6247
1996,11.5063
1996,11.4787
2196,10.4031
2196,9.9946
2196,10.4713
2196,10.5673
2196,10.9705
2196,10.8181
2196,10.6333
2196,11.2309
2196,11.1578
2196,10.4367
2396,10.7002
2396,11.6615
2396,10.6039
2396,11.0239
2396,10.9722
2396,11.0101
2396,10.9382
2396,10.5563
2396,11.3472
2396,10.7505
2596,8.3553
2596,8.2091
2596,8.209
2596,8.5083
2596,8.2937
2596,8.2481
2596,8.6528
2596,8.2581
2596,8.1586
2596,8.4403
2796,8.835
2796,8.9651
2796,8.5456
2796,8.7624
2796,8.8285
2796,8.4176
2796,8.7577
2796,8.7468
2796,8.7886
2796,8.3944
2996,9.4334
2996,9.2129
2996,8.974
2996,8.7757
2996,8.6239
2996,9.4542
2996,9.1674
2996,8.9528
2996,8.9269
2996,8.8373
3196,9.9422
3196,9.9268
3196,9.6156
3196,10.0318
3196,9.985
3196,10.1186
3196,9.7462
3196,9.7371
3196,9.8721
3196,9.7844
3396,30.955
3396,24.4456
3396,26.67
3396,24.9041
3396,22.4686
3396,27.154
3396,28.2158
3396,27.4752
3396,29.7754
3396,24.1859
3596,21.1992
3596,18.6104
3596,20.8526
3596,20.5856
3596,21.2363
3596,19.2698
3596,21.3419
3596,19.3493
3596,19.6607
3596,22.4798
3796,18.0733
3796,17.9234
3796,20.9133
3796,17.6358
3796,19.0685
3796,18.3049
3796,19.139
3796,19.1549
3796,19.4148
3796,18.9898
3996,8.5152
3996,8.2784
3996,8.4057
3996,8.6379
3996,8.2346
3996,7.8048
3996,8.3629
3996,8.6023
3996,8.3916
3996,8.2414
784,0.1232
784,0.1111
784,0.1163
784,0.1172
784,0.1132
784,0.1163
784,0.1227
784,0.1171
784,0.1148
784,0.1212
1429,0.2058
1429,0.2437
1429,0.2084
1429,0.202
1429,0.2046
1429,0.2166
1429,0.2128
1429,0.2074
1429,0.2082
1429,0.2003
2034,0.3071
2034,0.3232
2034,0.2815
2034,0.292
2034,0.2891
2034,0.3137
2034,0.2805
2034,0.2729
2034,0.2818
2034,0.3171
2611,0.4444
2611,0.4369
2611,0.4227
2611,0.4037
2611,0.4886
2611,0.4267
2611,0.4238
2611,0.3945
2611,0.4417
2611,0.4166
3178,0.7058
3178,0.707
3178,0.7199
3178,0.7704
3178,0.7354
3178,0.7383
3178,0.7022
3178,0.7146
3178,0.737
3178,0.7245
3725,0.4943
3725,0.4936
3725,0.5141
3725,0.5247
3725,0.5083
3725,0.4812
3725,0.5365
3725,0.5482
3725,0.5028
3725,0.5216
4227,2.0086
4227,2.053
4227,1.9532
4227,2.0368
4227,2.137
4227,2.0138
4227,2.5694
4227,2.056
4227,2.1327
4227,2.1063
4716,3.6959
4716,3.7272
4716,4.0708
4716,3.4986
4716,3.9637
4716,3.3257
4716,3.7519
4716,3.6339
4716,4.0037
4716,3.479
5166,1.0651
5166,1.084
5166,1.0343
5166,1.0422
5166,1.1271
5166,1.0616
5166,1.0336
5166,1.0733
5166,1.0412
5166,1.1388
5705,8.731
5705,8.951
5705,8.6986
5705,8.8322
5705,8.7967
5705,8.8194
5705,8.5563
5705,9.0112
5705,8.9809
5705,9.1124
6247,12.7335
6247,12.0188
6247,12.0002
6247,11.9843
6247,11.8579
6247,12.0213
6247,12.1053
6247,11.7725
6247,11.5887
6247,11.4774
6739,12.8481
6739,13.0768
6739,12.4742
6739,12.7742
6739,12.9844
6739,12.7796
6739,12.8943
6739,12.9279
6739,13.2565
6739,12.7032
7206,8.1963
7206,8.0975
7206,8.26
7206,8.0394
7206,8.3807
7206,8.1873
7206,8.2594
7206,8.0475
7206,8.1104
7206,8.4921
7684,6.9427
7684,6.9823
7684,6.9315
7684,6.9281
7684,6.9087
7684,6.9265
7684,6.8935
7684,6.8612
7684,6.9956
7684,6.9261
8197,7.2732
8197,7.2126
8197,7.2861
8197,7.256
8197,7.3958
8197,7.2713
8197,7.2635
8197,7.161
8197,7.273
8197,7.2678
8635,11.8204
8635,12.399
8635,11.7793
8635,12.2834
8635,12.0694
8635,12.2136
8635,11.8137
8635,11.8311
8635,11.8485
8635,12.1246
9028,14.4951
9028,14.8196
9028,14.1406
9028,13.9313
9028,14.4757
9028,14.0638
9028,14.1705
9028,14.3161
9028,14.0311
9028,13.9718
9497,9.298
9497,9.3619
9497,9.3455
9497,9.531
9497,9.2245
9497,9.4583
9497,9.3218
9497,9.3408
9497,9.3481
9497,9.2373
9920,8.3657
9920,8.3153
9920,8.2619
9920,8.6188
9920,8.6167
9920,5.3223
9920,8.3352
9920,8.3389
9920,8.3582
9920,8.3536
10377,10.4839
10377,10.3296
10377,10.5851
10377,10.2427
10377,10.462
10377,10.4947
10377,10.4615
10377,10.5617
10377,10.6428
10377,10.4775
31856,47.4021
31856,45.696
31856,46.1226
31856,47.292
31856,44.888
31856,48.1905
31856,46.2175
31856,47.7102
31856,45.7785
31856,45.7276
32126,9.3022
32126,9.5255
32126,9.5455
32126,9.8306
32126,9.5901
32126,9.5726
32126,9.6228
32126,9.6655
32126,9.5527
32126,9.7274
32487,10.3626
32487,10.687
32487,10.4707
32487,10.5484
32487,10.5088
32487,10.5067
32487,10.3336
32487,10.4083
32487,7.0572
32487,10.5033
32805,18.8008
32805,18.6185
32805,18.7047
32805,18.9714
32805,18.4929
32805,18.8627
32805,18.5126
32805,15.6819
32805,18.5994
32805,18.5187
33151,10.492
33151,10.5411
33151,10.6933
33151,10.6757
33151,10.4505
33151,10.5013
33151,10.4918
33151,10.4743
33151,10.4379
33151,10.6812
33475,49.6975
33475,50.9933
33475,46.9842
33475,48.5846
33475,48.1158
33475,48.2455
33475,49.7847
33475,48.306
33475,48.2538
33475,51.0211
33795,28.5791
33795,28.3028
33795,28.8738
33795,29.6877
33795,27.7903
33795,29.0705
33795,28.9372
33795,28.9857
33795,29.0486
33795,28.082
34109,46.2556
34109,45.4781
34109,45.793
34109,45.6167
34109,45.714
34109,47.4288
34109,45.4155
34109,45.1774
34109,45.3276
34109,45.3535
34437,50.3805
34437,49.2775
34437,48.7381
34437,50.3925
34437,50.259
34437,51.1008
34437,48.3191
34437,49.5035
34437,49.8087
34437,49.2217
34774,15.2025
34774,15.2235
34774,15.8928
34774,15.2116
34774,15.4167
34774,15.6945
34774,15.2255
34774,15.3806
34774,15.1858
34774,15.0937
18362,29.6489
18362,28.4721
18362,29.6354
18362,28.5491
18362,29.4918
18362,29.9663
18362,28.7422
18362,29.3204
18362,29.0176
18362,29.5156
18738,19.0754
18738,20.1631
18738,19.5802
18738,19.3938
18738,19.3867
18738,19.647
18738,19.8219
18738,19.702
18738,20.0601
18738,19.5361
19138,12.5756
19138,12.2947
19138,12.5932
19138,12.6754
19138,12.4693
19138,11.6248
19138,11.9427
19138,12.376
19138,12.7833
19138,12.6088
19538,64.9078
19538,63.4908
19538,65.5268
19538,66.6852
19538,67.8999
19538,67.5699
19538,64.7947
19538,67.0969
19538,67.9537
19538,67.3217
19868,47.0323
19868,48.2288
19868,44.9464
19868,45.8976
19868,47.182
19868,47.4097
19868,45.67
19868,47.5382
19868,45.9994
19868,46.5644
20231,36.9642
20231,36.2377
20231,35.7878
20231,35.5767
20231,37.2318
20231,35.8344
20231,35.8343
20231,36.553
20231,35.1771
20231,36.1613
20600,42.9149
20600,44.4928
20600,42.3512
20600,42.7938
20600,42.2156
20600,43.5884
20600,42.4144
20600,42.7606
20600,41.5851
20600,43.1938
20938,66.7754
20938,69.6228
20938,69.9333
20938,67.0371
20938,70.2971
20938,66.9681
20938,72.1425
20938,69.3593
20938,72.1044
20938,71.7171
21278,21.7238
21278,21.5291
21278,21.1273
21278,22.3353
21278,21.7033
21278,21.9279
21278,22.0236
21278,21.5816
21278,22.697
21278,21.5391
21608,52.8022
21608,53.6284
21608,53.5011
21608,55.3003
21608,52.6698
21608,52.9829
21608,54.2401
21608,53.8561
21608,52.5075
21608,53.2196
21937,16.6231
21937,17.2014
21937,16.596
21937,16.9164
21937,16.987
21937,16.6787
21937,16.5342
21937,17.0867
21937,17.0825
21937,16.9405
22284,45.0452
22284,44.1408
22284,45.9932
22284,46.9622
22284,45.4808
22284,45.9186
22284,45.3839
22284,46.1655
22284,45.5653
22284,46.6535
22632,46.2726
22632,46.9555
22632,48.6575
22632,46.5512
22632,45.5468
22632,46.7106
22632,46.7324
22632,48.5381
22632,45.6022
22632,47.4418
22980,36.3605
22980,35.476
22980,35.6121
22980,35.8849
22980,35.0536
22980,35.215
22980,36.6
22980,36.1708
22980,34.7841
22980,35.9992
23350,15.9221
23350,16.0414
23350,15.3723
23350,15.3478
23350,15.6326
23350,15.5662
23350,15.4653
23350,15.8009
23350,15.8521
23350,14.8298
23673,23.4332
23673,23.3272
23673,24.1008
23673,23.3195
23673,23.9208
23673,24.4728
23673,24.2609
23673,23.8271
23673,24.3482
23673,23.4874
24036,82.8808
24036,81.2277
24036,82.2907
24036,83.2371
24036,82.6255
24036,81.6642
24036,80.8365
24036,85.1141
24036,83.1209
24036,83.2361
24358,59.7271
24358,59.2477
24358,59.6897
24358,61.0788
24358,56.9299
24358,59.0204
24358,55.5972
24358,59.2954
24358,57.2147
24358,59.0317
24694,58.6917
24694,57.1354
24694,58.4265
24694,59.7233
24694,61.1278
24694,57.6122
24694,61.71
24694,58.8333
24694,61.5026
24694,58.9595
24999,28.0744
24999,27.5844
24999,27.4107
24999,28.529
24999,27.4179
24999,27.9603
24999,27.9939
24999,28.2692
24999,28.8839
24999,28.7675
25273,15.5608
25273,15.4907
25273,15.4607
25273,14.9627
25273,15.2048
25273,15.4954
25273,15.737
25273,14.9333
25273,15.5832
25273,15.8034
25568,33.4638
25568,31.642
25568,31.8882
25568,33.0705
25568,32.6876
25568,32.8433
25568,32.6257
25568,32.4738
25568,32.7261
25568,31.9139
25903,38.8123
25903,37.0601
25903,36.114
25903,36.3208
25903,37.611
25903,37.364
25903,38.3594
25903,37.2491
25903,39.1518
25903,37.4906
26182,15.9932
26182,16.6432
26182,15.8869
26182,16.1561
26182,15.8376
26182,16.3705
26182,16.2238
26182,15.8955
26182,15.725
26182,16.1192
26522,10.5329
26522,10.4767
26522,10.402
26522,10.5525
26522,10.6174
26522,10.5098
26522,10.4805
26522,10.5112
26522,10.7059
26522,10.5998
26839,31.5514
26839,31.4097
26839,31.1074
26839,31.931
26839,31.4759
26839,31.3098
26839,31.096
26839,31.2117
26839,30.9659
26839,32.1287
27182,36.983
27182,35.2578
27182,35.9206
27182,35.2054
27182,36.1833
27182,35.7401
27182,35.6772
27182,36.5174
27182,35.0084
27182,35.8888
27494,16.6067
27494,16.396
27494,16.6047
27494,16.4409
27494,16.6095
27494,16.6974
27494,16.6744
27494,16.9943
27494,16.7352
27494,16.3564
27861,24.031
27861,24.6015
27861,24.238
27861,23.9397
27861,24.4753
27861,23.9704
27861,23.8395
27861,24.5343
27861,24.5306
27861,23.9108
28169,16.4124
28169,17.0604
28169,16.7519
28169,16.6318
28169,16.8221
28169,16.9862
28169,16.6595
28169,16.5932
28169,16.4855
28169,16.8175
28475,19.2827
28475,18.9833
28475,19.1038
28475,19.1775
28475,19.2128
28475,19.5549
28475,18.7421
28475,19.2441
28475,19.0503
28475,19.0394
28851,22.0233
28851,21.3981
28851,21.8827
28851,21.5272
28851,21.7701
28851,21.4039
28851,22.1116
28851,22.219
28851,21.2121
28851,21.9713
29177,22.5
29177,21.6739
29177,21.5774
29177,22.1153
29177,22.5192
29177,21.7174
29177,22.312
29177,22.2462
29177,22.4796
29177,21.8365
29561,23.4922
29561,23.3281
29561,22.4124
29561,22.8619
29561,22.307
29561,22.7865
29561,23.0265
29561,22.726
29561,22.4621
29561,22.7595
29862,9.211
29862,9.1454
29862,9.3159
29862,9.3748
29862,9.3624
29862,9.3142
29862,9.3875
29862,9.3506
29862,9.3019
29862,9.3166
30171,22.2347
30171,21.7871
30171,22.1363
30171,22.1954
30171,22.9339
30171,21.9689
30171,22.8821
30171,22.4018
30171,22.5729
30171,23.1243
30533,11.2106
30533,11.1656
30533,11.052
30533,11.249
30533,11.4377
30533,11.3197
30533,11.3572
30533,11.268
30533,11.1012
30533,11.1034
30874,42.0543
30874,40.7984
30874,41.1999
30874,39.4327
30874,40.3284
30874,39.9006
30874,40.233
30874,39.602
30874,39.3833
30874,40.8367
31261,17.9286
31261,17.9086
31261,17.9257
31261,18.2829
31261,17.8656
31261,17.8816
31261,18.4205
31261,18.2464
31261,18.6282
31261,17.913
31534,20.5619
31534,20.65
31534,20.7244
31534,20.3158
31534,20.877
31534,20.4347
31534,20.5913
31534,19.9295
31534,20.8978
31534,20.951
10805,19.9337
10805,18.5748
10805,20.2078
10805,19.3098
10805,19.8391
10805,20.0169
10805,20.8432
10805,24.2471
10805,21.629
10805,22.7003
11224,9.4769
11224,9.3287
11224,8.9964
11224,9.1886
11224,9.0076
11224,9.3836
11224,9.3609
11224,9.0689
11224,9.7411
11224,9.5005
11631,20.2328
11631,19.424
11631,18.3001
11631,18.9776
11631,18.8571
11631,18.5768
11631,19.1693
11631,19.6354
11631,19.1518
11631,18.5111
11945,19.1481
11945,19.2729
11945,20.1101
11945,19.2797
11945,19.2527
11945,19.7094
11945,19.2715
11945,19.2007
11945,19.9526
11945,19.7198
12386,8.3174
12386,8.2084
12386,8.2991
12386,8.2242
12386,8.289
12386,8.2724
12386,8.28
12386,8.3396
12386,8.2865
12386,8.3739
12783,10.4302
12783,10.5833
12783,10.4733
12783,10.5028
12783,10.4044
12783,10.4572
12783,10.3599
12783,10.4033
12783,10.4202
12783,10.5101
13231,8.854
13231,8.7703
13231,8.8306
13231,8.9208
13231,8.9696
13231,8.9432
13231,8.8816
13231,8.9094
13231,8.8901
13231,8.8607
13634,23.9259
13634,23.6318
13634,23.9738
13634,23.5358
13634,23.6227
13634,24.1389
13634,23.5355
13634,23.4259
13634,22.8171
13634,23.5392
14028,21.9023
14028,21.9303
14028,22.2663
14028,21.7356
14028,22.264
14028,21.9362
14028,21.9822
14028,21.3178
14028,22.3384
14028,21.4264
14451,12.9505
14451,13.1549
14451,13.0001
14451,12.9564
14451,12.7358
14451,13.1332
14451,13.0207
14451,12.9698
14451,12.8788
14451,13.0629
14906,26.6913
14906,26.2607
14906,26.8176
14906,26.5427
14906,27.3634
14906,26.406
14906,31.3739
14906,38.1591
14906,30.6889
14906,26.6867
15159,25.8579
15159,26.597
15159,25.9753
15159,25.1837
15159,26.6894
15159,25.4085
15159,25.4091
15159,25.7989
15159,25.4524
15159,26.2422
15551,13.3356
15551,13.2169
15551,13.4649
15551,13.1938
15551,13.4775
15551,13.5487
15551,13.5418
15551,13.1599
15551,13.1026
15551,13.6399
15902,19.8921
15902,20.5535
15902,18.4813
15902,19.2113
15902,18.5133
15902,18.6201
15902,18.9147
15902,18.4538
15902,19.1556
15902,18.436
16219,15.571
16219,15.411
16219,15.0172
16219,15.1914
16219,17.0513
16219,17.537
16219,15.9717
16219,15.3108
16219,15.7669
16219,15.3206
16595,9.5116
16595,9.6012
16595,9.5901
16595,9.6235
16595,9.6528
16595,9.576
16595,9.6492
16595,9.6329
16595,9.5605
16595,9.6582
16930,10.5241
16930,10.6411
16930,10.5752
16930,10.4928
16930,10.7236
16930,10.5136
16930,10.5841
16930,10.645
16930,10.5319
16930,10.612
17318,11.9314
17318,11.803
17318,11.6594
17318,11.7446
17318,11.5699
17318,11.6478
17318,11.6146
17318,11.6874
17318,11.6736
17318,11.7545
17734,18.1301
17734,17.6676
17734,18.0907
17734,17.5344
17734,17.8843
17734,18.1378
17734,18.0345
17734,18.3531
17734,17.7997
17734,17.7199
18033,31.3281
18033,31.1054
18033,30.7415
18033,29.7605
18033,31.6911
18033,31.9657
18033,31.9699
18033,31.1948
18033,33.9519
18033,30.8524
35095,11.8611
35095,11.6927
35095,11.7171
35095,11.854
35095,11.7834
35095,11.5215
35095,11.6072
35095,11.9776
35095,11.4776
35095,11.4311
35381,37.6314
35381,38.775
35381,37.2266
35381,38.3906
35381,38.616
35381,39.1085
35381,37.3504
35381,37.1828
35381,37.2911
35381,38.1589
35644,33.636
35644,33.923
35644,34.8253
35644,31.8659
35644,34.2058
35644,33.7145
35644,34.574
35644,34.3928
35644,33.2196
35644,33.6879
35957,45.3624
35957,45.1708
35957,44.5774
35957,44.7965
35957,45.9338
35957,45.2865
35957,45.0717
35957,44.7718
35957,44.8782
35957,45.4252
36294,12.4019
36294,12.6125
36294,12.4265
36294,12.1572
36294,12.1208
36294,12.4923
36294,12.3061
36294,12.1969
36294,12.2722
36294,12.0219
36607,51.27
36607,53.5839
36607,50.8888
36607,51.1052
36607,52.3419
36607,51.5268
36607,51.1624
36607,51.2826
36607,51.0372
36607,51.8184
36918,53.2545
36918,52.876
36918,52.773
36918,53.2389
36918,52.6183
36918,53.6102
36918,53.6422
36918,52.4272
36918,52.9237
36918,53.5454
37277,35.6849
37277,35.3024
37277,35.7228
37277,36.2648
37277,35.6187
37277,36.4921
37277,34.5878
37277,35.4879
37277,34.802
37277,34.8027
37627,9.9442
37627,6.859
37627,10.1964
37627,10.2494
37627,9.9197
37627,10.1955
37627,9.9556
37627,9.9674
37627,10.1572
37627,9.8247
37958,12.2172
37958,15.0252
37958,12.189
37958,12.4913
37958,12.5272
37958,12.5116
37958,9.4646
37958,9.2188
37958,15.3594
37958,15.3839
